INSERT INTO `tma_provincia` (`nombre_provincia`, `capital_provincia`, `descripcion_provincia`, `poblacion_provincia`, `superficie_provincia`, `latitud_provincia`, `longitud_provincia`, `created_at`, `updated_at`) VALUES
('Azuay', 'Cuenca', 'Es llamada la Atenas del Ecuador por su arquitectura, su diversidad cultural, su aporte a las artes, ciencias y letras ecuatorianas y por ser el lugar de nacimiento de muchos personajes ilustres de la sociedad ecuatoriana', 569, 122, -2.902222, -79.005261, '2019-11-18 18:21:40', '2019-11-18 18:22:35'),
('Bolivar', 'Guaranda', 'Bolívar es una provincia del centro de Ecuador, en la cordillera occidental de los Andes. Su capital es la ciudad de Guaranda. La Provincia de Bolívar se llama así en honor al Libertador Simón Bolívar.', 183, 3254, -1.6, -79, '2019-11-18 18:21:40', '2019-11-18 18:22:35'),
('Cañar', 'Azoguez', 'La provincia destaca como uno de los sitios turísticos más importantes del país, destacándose entre otros la Fortaleza de Ingapirca, la Laguna de Culebrillas y la ciudad de Azogues.', 33848, 3908, -2.733333, -78.833333, '2019-11-18 18:21:40', '2019-11-18 18:22:35'),
('Carchi', 'Tulcán', 'Carchi es una provincia ecuatoriana situada al norte del Ecuador en la frontera con Colombia. Su capital es la ciudad de Tulcán. Forma parte de la región 1', 82734, 3783, 0.811667, -77.718611, '2019-11-18 18:21:40', '2019-11-18 18:22:35'),
('Chimborazo', 'Riobamba', 'En esta provincia se encuentran varias de las cumbres más elevadas del país, como el Carihuairazo, el Altar, Igualata, Sangay, entre otros, que en algunos casos comparte con otras provincias.', 223586, 6487, -1.666667, -78.65, '2019-11-18 18:21:40', '2019-11-18 18:22:35'),
('Cotopaxi', 'Latacunga', 'La provincia toma el nombre del volcán más grande e importante de su territorio, el volcán Cotopaxi. Cotopaxi se encuentra dividida políticamente en 7 cantones. Según el último ordenamiento territorial, la provincia de Cotopaxi pertenece a la región centro 3', 409, 6569, -0.933333, -78.616667, '2019-11-18 18:21:40', '2019-11-18 18:22:35'),
('El Oro', 'Machala', 'La capital de la provincia de El Oro es la ciudad de Machala, quinta ciudad del país, considerada como la  capital bananera del mundo .', 260528, 6188, -3.266669, -79.9667, '2019-11-18 18:21:40', '2019-11-18 18:22:35'),
('Esmeraldas', 'Esmeraldas', 'Provincia del Ecuador situada en su costa noroccidental, conocida popularmente como la provincia verde. Sucapital homónima es uno de los puertos principales del Ecuador y terminal del oleoducto transandino. Posee un aeropuerto para vuelos nacionales e internacionales', 189504, 15, -0.966667, -79.65, '2019-11-18 18:21:40', '2019-11-18 18:22:35'),
('Galápagos', 'P. Baquerizo Moreno', 'Es el mayor centro turístico del Ecuador, así como también una de las reservas ecológicas más grandes e importantes del planeta. Con sus 26.640 habitantes, Galápagos es la provincia menos poblada del país, debido principalmente al afán de conservar al máximo la flora y fauna de la región.', 5600, 8010, -0.666667, -90.55, '2019-11-18 18:21:40', '2019-11-18 18:22:35'),
('Guayas', 'Guayaquil', 'Es el mayor centro comercial e industrial del Ecuador. Con sus 3,8 millones de habitantes, Guayas es la provincia más poblada del país, constituyéndose con el 24,5% de la población de la República.', 2526927, 17139, -2.2, -79.9667, '2019-11-18 18:21:40', '2019-11-18 18:22:35'),
('Imbabura', 'Ibarra', 'La provincia también es conocida por sus contrastes poblacionales es así que la población está marcada por diferentes factores demográficos, además desde siempre ha sido núcleo de artesanías y cultura.', 181722, 4599, 0.35, -78.133333, '2019-11-18 18:21:40', '2019-11-18 18:22:35'),
('Loja', 'Loja', 'Loja es una ciudad del Ecuador, capital de la provincia y cantón Loja, tiene una rica tradición en las artes, y por esta razón es conocida como la capital musical y cultural del Ecuador.', 207, 57, -3.833, -80.067, '2019-11-18 18:21:40', '2019-11-18 18:22:35'),
('Los Rios', 'Babahoyo', 'Los Ríos, oficialmente Provincia de Los Ríos, es una de las 24 provincias de la República del Ecuador, localizada en la Región Costa del país. Su capital es la ciudad de Babahoyo y su localidad más poblada es la ciudad de Quevedo. Es uno de los más importantes centros agrícolas del Ecuador. Su territorio está ubicado en la parte central del litoral del país y limita con las provincias de Guayas, Santo Domingo de los Tsáchilas, Manabí, Cotopaxi y Bolívar. Según el último ordenamiento territorial, la provincia de Los Ríos pertenece a la región comprendida también por las provincias de Bolívar, Guayas y Santa Elena.', 778115, 6254, -1.766669, -79.45, '2019-11-18 18:21:40', '2019-11-18 18:22:35'),
('Manabí', 'Portoviejo', 'Manabí es una provincia ecuatoriana localizada en el emplazamiento centro-noroeste del Ecuador continental, cuya unidad jurídica se ubica en la región geográfica del litoral, que a su vez se encuentra dividida por el cruce de la línea equinoccial. Su capital es Portoviejo. Limita al oeste con el Océano Pacífico, al norte con la provincia de Esmeraldas, al este con la provincia deSanto Domingo de los Tsáchilas y Los Ríos, al sur con la provincia de Santa Elena y al sur y este con la provincia de Guayas. Con una población de 1,395.249 habitantes, es la tercera provincia más poblada de Ecuador.', 1369780, 18400, -1.052219, -80.4506, '2019-11-18 18:21:40', '2019-11-18 18:22:35'),
('Morona Santiago', 'Macas', 'Morona Santiago (nombre oficial Provincia de Morona Santiago) es una de las 24 provincias que conforman la República del Ecuador. Es una provincia de la Amazonía ecuatoriana. Su capital es la ciudad de Macas, la cual además, es su urbe más poblada. Su territorio limita al norte con Pastaza, al sur con Zamora Chinchipe, al este con Perú, y al oeste con Tungurahua, Azuay, Chimborazo y Cañar. Ocupa una superficie de 25.690 km², un área similar a la de Cerdeña.', 147940, 25690, -2.366667, -78.133333, '2019-11-18 18:21:40', '2019-11-18 18:22:35'),
('Napo', 'Tena', 'La provincia de Napo es una de las provincias de la Región Centro Norte (Ecuador), de la República del Ecuador, situada en la región amazónica ecuatoriana e incluyendo parte de las laderas de los Andes, hasta las llanuras amazónicas. Toma su nombre del río Napo. Su capital es la ciudad de Tena. Limita al norte con Sucumbíos, al sur con Pastaza, al oeste con Pichincha,Cotopaxi y Tungurahua y al este con la Provincia de Orellana.', 103697, 13271, 0.989, -77.8159, '2019-11-18 18:21:40', '2019-11-18 18:22:35'),
('Orellana', 'Francisco de Orellana', 'Orellana, provincia de la Región Centro Norte (Ecuador), Ecuador, La capital de la provincia es El Coca más conocida como «Coca». Al norte limita con Sucumbíos, al sur con la provincia de Pastaza, al este con Perú y al oeste con Napo. Tiene una superficie de 20.733 km², que en términos de extensión es similar a la de El Salvador. Es una de las provincias más nuevas del país, provincia 22, pues fue creada en 1998 al ser separada de Napo. Inicialmente su nombre iba a ser provincia de Amazonaspero ante un potencial reclamo de Perú se decidió denominarla Orellana. La población es de 136.396 habitantes; sus habitantes nativos pertenecen principalmente a las nacionalidades waorani, schuar y kichwa.', 136396, 20773, -0.933333, -75.666667, '2019-11-18 18:21:40', '2019-11-18 18:22:35'),
('Pastaza', 'Puyo', 'Pastaza, oficialmente Provincia de Pastaza, es una de las 24 provincias que conforman la República del Ecuador, situada en laRegión Amazónica del Ecuador. Recibe su nombre del río Pastaza, que la separa al sur de la provincia de Morona Santiago. Su capital es la ciudad de Puyo.', 83933, 29520, -1.066667, -78.001111, '2019-11-18 18:21:40', '2019-11-18 18:22:35'),
('Pichincha', 'Quito', 'La Provincia de Pichincha es una de las 24 provincias que conforman la República del Ecuador. Se encuentra ubicada al norte del país, en la zona geográfica conocida como sierra. Su capital administrativa es la ciudad de Quito, la cual además es su urbe más poblada y la capital del país. Es también el principal centro comercial del país.', 2576287, 9612, -0.25, -78.583333, '2019-11-18 18:21:40', '2019-11-18 18:22:35'),
('Santa Elena', 'Santa Elena', 'Santa Elena es una provincia de la costa de Ecuador creada el 7 de noviembre de 2007, la más reciente de las 24 actuales, con territorios que anterior a esa fecha formaban parte de la provincia del Guayas, al oeste de ésta.', 308693, 3763, -2.2267, -80.8583, '2019-11-18 18:21:40', '2019-11-18 18:22:35'),
('Santo Domingo de los Tsáchilas', 'Santo Domingo', 'La Provincia de Santo Domingo de los Tsáchilas es una de las provincias de la República del Ecuador y forma parte de laRegión Costa, históricamente conocida como Provincia de Yumbos. Su territorio está en zona de trópico húmedo. La provincia toma su nombre de los Tsáchilas, etnia ancestral de la zona.', 410937, 4180, -0.333333, -79.25, '2019-11-18 18:21:40', '2019-11-18 18:22:35'),
('Sucumbios', 'Nueva Loja', 'Sucumbíos es una provincia del nor-oriente del Ecuador. Su capital es Nueva Loja. Es una de las principales provincias que proveen al Estado ecuatoriano del petróleo que necesita para las exportaciones. Se caracteriza por sus bellos paisajes amazónicos, entre ellos el río Aguarico.', 176472, 18612, -0.083333, -76.883333, '2019-11-18 18:21:40', '2019-11-18 18:22:35'),
('Tungurahua', 'Ambato', 'Tungurahua, oficialmente Provincia de Tungurahua, es una de las 24 provincias que conforman la República del Ecuador. Se encuentra al centro del país, en la región geográfica conocida como sierra. La ciudad de Ambato es su capital administrativa; se divide en 9 cantones. Forma parte de la región comprendida también por las provincias de Cotopaxi, Chimborazo y Pastaza.', 504583, 3334, -1.233333, -78.616667, '2019-11-18 18:21:40', '2019-11-18 18:22:35'),
('Zamora Chimchipe', 'Zamora', 'Zamora Chinchipe es una provincia de Ecuador ubicada en el sur-oriente de la Amazonía ecuatoriana, que limita con la provincia de Morona Santiago al norte; con la provincia de Loja al oeste; y con Perú al sur y este. Según el último ordenamiento territorial del Ecuador, Zamora Chinchipe pertenece a la Región Sur comprendida también por las provincias de Loja y El Oro. Tiene una superficie de 10.556 km², la cual comprende una orografía montañosa única que la distingue del resto de provincias amazónicas.', 91376, 10556, -2.883333, -79, '2019-11-18 18:21:40', '2019-11-18 18:22:35');



INSERT INTO `tmo_canton` (`id`, `id_provincia`, `nombre_canton`, `descripcion_canton`, `poblacion_canton`, `superficie_canton`, `latitud_canton`, `longitud_canton`, `created_at`, `updated_at`) VALUES
(1, 1, 'CUENCA', 'El cantón Cuenca es una entidad territorial subnacional ecuatoriana, de la Provincia de Azuay. Con 505.585 habitantes, según las estadísticas para el 2010, es el tercer cantón más poblado del Ecuador. Su cabecera cantonal es la ciudad deCuenca, lugar donde se agrupa gran parte de su población total.', 505585, 3086, 2.9, 78.98333333, '2019-11-18 18:23:29', '2019-11-18 18:23:49'),
(2, 1, 'GIRON', 'Girón es un cantón de la provincia de Azuay en Ecuador, ubicado 36 km al sur de la capital provincial.', 14953, 0, 3.159166667, 79.1475, '2019-11-18 18:23:29', '2019-11-18 18:23:49'),
(3, 1, 'GUALACEO', 'Gualaceo cantón altivo y señorial, debe su riqueza a la diversidad cultural y de razas entremezcladas con el paso del tiempo, así podríamos hablar de un origen mítico con la leyenda de las Guacamayas, que dieron paso a la tribu Cañari, los primeros ayllus, los conquistadores incas y luego los colonos españoles.', 38587, 0, 2.89, 78.77944444, '2019-11-18 18:23:29', '2019-11-18 18:23:49'),
(4, 1, 'NABON', 'Nabón es un cantón de la provincia del Azuay (Ecuador) de 668,2 km², ubicado al sudeste, una de sus características geográficas es la dispersión de su territorio, lo que impide un fácil acceso a las diferentes comunidades y dificulta la comunicación entre ellas.', 15121, 668.2, 3.34, 79.06416667, '2019-11-18 18:23:29', '2019-11-18 18:23:49'),
(5, 1, 'PAUTE', 'Paute es un cantón localizado en la provincia de Azuay en Ecuador. Fue fundado el 26 de febrero de 1860. En el censo de 2010 tenía 25.494 habitantes. Se encuentra al noreste de Cuenca 40 minutos.', 25494, 0, 2.78, 78.76111111, '2019-11-18 18:23:29', '2019-11-18 18:23:49'),
(6, 1, 'PUCARA', 'Pucará es un cantón de la provincia del Azuay, Ecuador a 126 km de la ciudad de Cuenca, capital de la provincia, según el censo de 2010 tiene una población de 10.052 habitantes.1', 10052, 0, 2.78, 78.76111111, '2019-11-18 18:23:29', '2019-11-18 18:23:49'),
(7, 1, 'SAN FERNANDO', 'A 62 km de la capital provincial, Cuenca, el cantón tiene una población total de 3.931 habitantes, de los cuales 3.256 se encuentran en zonas rurales.Su altitud es de 2.600 metros sobre el nivel del mar, su clima es templado. Los meses más fríos van de enero a marzo, cuando son frecuentes las heladas.', 3931, 0, 3.147777778, 79.25166667, '2019-11-18 18:23:29', '2019-11-18 18:23:49'),
(8, 1, 'SANTA ISABEL', 'Santa Isabel cantón occidental de la provincia del Azuay en Ecuador, se localiza en la cuenca alta y media del río Jubones, su clima es variado y presenta oscilaciones entre 8ºC y 24ºC, este cantón va desde los 800 hasta los 2400 msnm, lo cual presenta grandes zonas para la biodiversidad. Su extensión territorial es de 771.42km² siendo el 9.63% de la provincia del Azuay', 18393, 771.42, 3.274166667, 79.31555556, '2019-11-18 18:23:29', '2019-11-18 18:23:49'),
(9, 1, 'SIGSIG', 'Es parte del nudo vial Sigsig Matanga, que comunica a Azuay con Gualaquiza. Sus actividades principales, son la agricultura y la artesanía. Existe un complejo arqueológico muy importante llamado Chobshi.', 26910, 0, 3.053055556, 78.79333333, '2019-11-18 18:23:29', '2019-11-18 18:23:49'),
(10, 1, 'OÑA', 'San Felipe de Oña cantón meridional de la provincia de Azuay en Ecuador, a 120km de la capital provincial Cuenca, tiene una población total del cantón de 3234 habitantes, de los cuales 2325 hab, se encuentran en zonas rurales, tiene una topografía muy irregular.', 3234, 298, 3.469722222, 79.15416667, '2019-11-18 18:23:29', '2019-11-18 18:23:49'),
(11, 1, 'CHORDELEG', 'Chordeleg es un cantón en la provincia del Azuay, en el Ecuador. La fecha de cantonización es el 15 Abril de 1992. Es famoso por su artesanía, como cerámicas, bordados a mano y joyería, cuenta con decenas de joyerías en las cuales se destacan los maravillosos trabajos de orfebrería de sus habitantes.', 10859, 104.7, 2.933333333, 78.76666667, '2019-11-18 18:23:29', '2019-11-18 18:23:49'),
(12, 1, 'EL PAN', 'El Pan es un cantón de la provincia del Azuay, Ecuador. En el censo del año 2001 tenía 3.075 habitantes. Su fecha de creación es el 10 de agosto de 1992. Se encuentra al noreste de la ciudad de Cuenca (Ecuador) a 60 kilómetros, el centro cantonal tiene una altitud de 2250 msnm.', 3036, 0, 2.786111111, 78.665, '2019-11-18 18:23:29', '2019-11-18 18:23:49'),
(13, 1, 'SEVILLA DE ORO', 'La Parroquia Urbana de Sevilla de Oro, en sus primeros años se lo conocía con el nombre “Chimbapan”, que en quechua quiere decir banda de El Pan.', 5889, 311, 2.316666667, 78.1, '2019-11-18 18:23:29', '2019-11-18 18:23:49'),
(14, 1, 'GUACHAPALA', 'Guachapala es un cantón de la provincia del Azuay, Ecuador, fue creado en la presidencia del Arquitecto Sixto Durán Ballén de acuerdo con el suplemento del registro oficial No. 623 del 31 de enero de 1995', 3409, 41.07, 2.770555556, 78.71222222, '2019-11-18 18:23:29', '2019-11-18 18:23:49'),
(15, 1, 'CAMILO PONCE ENRIQUEZ', 'Camilo Ponce Enríquez es un cantón de la provincia de Azuay, Ecuador. Se encuentra en la región costanera de la provincia a 3 horas de la ciudad de Cuenca (Ecuador).', 21998, 639.3, 3.05, 79.73333333, '2019-11-18 18:23:29', '2019-11-18 18:23:49'),
(16, 2, 'GUARANDA', 'El cantón Guaranda es una entidad territorial subnacional ecuatoriana, de la Provincia de Bolívar. Se ubica en el centro de laRegión Sierra. Su cabecera cantonal es la ciudad de Guaranda, lugar donde se agrupa gran parte de su población total.', 91877, 1898, 1.605555556, 79.00305556, '2019-11-18 18:23:29', '2019-11-18 18:23:49'),
(17, 2, 'CHILLANES', 'El cantón Chillanes está ubicado en la provincia de Bolívar, Ecuador. Limita al norte con el cantón San Miguel. Al sur con el cantónGeneral Elizalde (Bucay) provincia del Guayas, al Oeste Cantón Babahoyo Provincia del Los Ríos y al este el Cantón Pallatanga Provincia del Chimborazo.', 17406, 568, 1.942777778, 79.06666667, '2019-11-18 18:23:29', '2019-11-18 18:23:49'),
(18, 2, 'ECHEANDIA', 'Está ubicado al occidente de la provincia, en las estribaciones de la cordillera. Climáticamente, pertenece a la zona subtropical, lo cual favorece su economía, ya que la mayor parte de la población se dedica a la agricultura, con la producción de la zona: naranjas, café, caco, caña de azúcar.', 12114, 230.62, 0, 0, '2019-11-18 18:23:29', '2019-11-18 18:23:49'),
(19, 2, 'SAN MIGUEL', 'San Miguel de Bolívar, Ecuador. se encuentra 20 km al sur de Guaranda, en la parte central de la provincia. Está a una altura entre de 2.500 y 3.500 msnm. Tiene una temperatura promedio de 17,5 ºC.', 27244, 0, 0, 0, '2019-11-18 18:23:29', '2019-11-18 18:23:49'),
(20, 2, 'CALUMA', 'Caluma, es la ciudad principal del cantón del mismo nombre de la provincia de Bolívar, de la república del Ecuador. Goza de un excelente clima y con un entorno natural extraordinario para quienes aman la naturaleza y los deportes extremos, su vegetación es exuberante al igual que su fauna, cuenta con decenas de cascadas, ríos y cultivos de naranja que es considerada como la mejor del Ecuador ya por su delicioso y único sabor, cacao, mandarina, entre otras especies exóticas.', 13129, 176.5, 0, 0, '2019-11-18 18:23:29', '2019-11-18 18:23:49'),
(21, 2, 'LAS NAVES', 'Sus tierras ofrecen una variedad de recursos para el ecoturismo. Este cantón es eminentemente agrícola, produce: naranja, sandía, zapote, aguacate, pina, mango, guaba, arroz, plátano, cacao, café, maíz, fríjol, verduras, etc.', 6092, 0, 0, 0, '2019-11-18 18:23:29', '2019-11-18 18:23:49'),
(22, 3, 'AZOGUES', 'Azogues o San Francisco de Peleusí de Azogues, es una ciudad del Ecuador, capital de la provincia de Cañar.', 70064, 60.94, 2.733333333, 78.83333333, '2019-11-18 18:23:29', '2019-11-18 18:23:49'),
(23, 3, 'BIBLIAN', 'Cantón de la provincia de Cañar ubicado en la zona septentrional de la hoya del Paute, a una altura media de 2608 msnm. El clima es frío y húmedo, con una temperatura media de 14°C.', 20817, 205.3, 2.716666667, 78.88333333, '2019-11-18 18:23:29', '2019-11-18 18:23:49'),
(24, 3, 'CAÑAR', 'El cantón Cañar es una entidad territorial subnacional ecuatoriana, de la Provincia de Cañar. Su cabecera cantonal es la ciudad de Cañar, lugar donde se agrupa gran parte de su población total. Es considerada Capital Arqueólogica del Ecuador, por el complejo de Ingapirca.', 59323, 1804, 2.483611111, 78.97833333, '2019-11-18 18:23:29', '2019-11-18 18:23:49'),
(25, 3, 'LA TRONCAL', 'Este pequeño poblado a surgido por la agricultura de caña de azúcar cuyo icono la caracteriza, alberga a uno de los ingenios azucareros mas productivos del país, como la principal industria de la zona y es generadora de cientos de plazas de trabajo para beneficio económico de los habitantes del sector.', 54389, 324, 2.4, 79.33333333, '2019-11-18 18:23:29', '2019-11-18 18:23:49'),
(26, 3, 'EL TAMBO', 'El Tambo es uno de los siete cantones de la Provincia de Cañar. Está situada en la Carretera Panamericana, a seis kilómetros del cantón Cañar, a una altura de 2983msnm. La población es mestiza e indígena.', 9475, 564, 2.511111111, 78.92833333, '2019-11-18 18:23:29', '2019-11-18 18:23:49'),
(27, 3, 'DELEG', 'Cantón de la provincia de Cañar La zona fue originalmente un asentamiento de mitimaes, esto se explica por el aniquilamiento de los cañaris realizado por Atahualpa, por haber ayudado a Huáscar en la guerra civil inca.', 6100, 80, 2.788055556, 78.92611111, '2019-11-18 18:23:29', '2019-11-18 18:23:49'),
(28, 3, 'SUSCAL', 'Su significado, en lengua Quichua, seria:  Abundancia de neblina . Esta denominación se debe a que el cantón Suscal efectivamente es un lugar situado en medio de imponentes montañas, de un paisaje solemne y en donde la neblina es frecuente', 5016, 30.62, 0, 0, '2019-11-18 18:23:29', '2019-11-18 18:23:49'),
(29, 4, 'TULCAN', 'El cantón Tulcán es una entidad territorial subnacional ecuatoriana, de la Provincia de Carchi. Se encuentra ubicada en los Andes Septentrionales del Ecuador en la frontera con Colombia. Su cabecera cantonal es la ciudad de Tulcán, lugar donde se agrupa gran parte de su población total.', 86498, 1801, 0.25, 78.58333333, '2019-11-18 18:23:29', '2019-11-18 18:23:49'),
(30, 4, 'BOLIVAR', 'Bolívar es un cantón ubicado en la parte centro noreste de la provincia de Manabí, Ecuador. Limita al este con el cantónPichincha, al sur con los cantones Portoviejo y Junín, al norte con los cantones Tosagua y Chone. Su extensión es de aproximadamente 600 km²', 14347, 600, 0.841944444, 80.16194444, '2019-11-18 18:23:29', '2019-11-18 18:23:49'),
(31, 4, 'ESPEJO', 'Espejo es un cantón de la provincia de Carchi en el Ecuador, cuya cabecera es la población El Ángel, zona privilegiada por su contraste geográfico de parajes hermosos que dan un toque de misterio al turista que busca aventura, Espejo herencia cultural, tesoro escondido de la Provincia.', 13364, 344.51, 0.621111111, 77.94, '2019-11-18 18:23:29', '2019-11-18 18:23:49'),
(32, 4, 'MIRA', 'Mira es un cantón en la provincia de Carchi en el norte del Ecuador. Tiene una población aproximada de 12.919 con una extensión territorial de 581,69 Km2 y una temperatura promedio de 16.2°C, se encuentra al sur de la misma provincia cercana a la ciudad de Ibarra, y cercano a Salinas en Imbabura.', 12180, 581.69, 0.553888889, 78.04916667, '2019-11-18 18:23:29', '2019-11-18 18:23:49'),
(33, 4, 'MONTUFAR', 'Se le conocía como TUSA, pero se cambia a San Gabriel en honor al arcángel San Gabriel Guardián y protector de la ciudad de ahí toma el nombre la capital de Montúfar en el año 1883.', 30511, 344.51, 0.616666667, 77.83333333, '2019-11-18 18:23:29', '2019-11-18 18:23:49'),
(34, 4, 'SAN PEDRO DE HUACA', 'San Pedro de Huaca es un cantón de la provincia de Carchi, en Ecuador. Su capital es la localidad de Huaca. Su población en el censo de 20102 es de 7.624 habitantes. Se encuentra a una altitud de 2923msnm.', 7624, 344.51, 0.630277778, 77.72666667, '2019-11-18 18:23:29', '2019-11-18 18:23:49'),
(35, 5, 'RIOBAMBA', 'El cantón Riobamba es una entidad territorial subnacional ecuatoriana, de la Provincia de Chimborazo. Su cabecera cantonales la ciudad de Riobamba, lugar donde se agrupa la mayor parte de su población total.', 263412, 990, 1.674444444, 78.64833333, '2019-11-18 18:23:29', '2019-11-18 18:23:49'),
(36, 5, 'ALAUSI', 'San Pedro de Alausí es la capital del Cantón Alausí, está ubicada en la cordillera occidental. Fue fundada el 29 de junio de 1534 y se considera fue la primera población en la Real Audiencia de Quito.', 44089, 1.64, 2.202777778, 78.84611111, '2019-11-18 18:23:29', '2019-11-18 18:23:49'),
(37, 5, 'COLTA', 'Colta es un cantón de la Provincia de Chimborazo en el Ecuador. Se sitúa en una altitud promedio de 3.212 msnm y es considerada una de las ciudades más altas del País. La temperatura media es de 12 °C. Su proximidad a la ciudad de Riobamba, está a solo 18 km, hace de ella una ciudad turística importante.', 0, 850, 0, 0, '2019-11-18 18:23:29', '2019-11-18 18:23:49'),
(38, 5, 'CHAMBO', 'Chambo es un cantón de la Provincia de Chimborazo en el Ecuador. Está ubicado el noroeste de la provincia. Posee una superficie de 163 km2, que representan el 2.5% de la superficie de la provincia de Chimborazo. Los principales cursos de agua que cruzan el cantón son los ríos Chambo, Daldal y Timbul. Cuenta además con la laguna Rocón.', 11885, 162, 0, 0, '2019-11-18 18:23:29', '2019-11-18 18:23:49'),
(39, 5, 'CHUNCHI', 'El cantón Chunchi pertenece a la Provincia de Chimborazo en el Ecuador. Está ubicado en el extremo sur de la provincia. Chunchi es conocido también como el Sillón Andino del Ecuador.', 12686, 279, 0, 0, '2019-11-18 18:23:29', '2019-11-18 18:23:49'),
(40, 5, 'GUAMOTE', 'Guamote es un cantón de la Provincia de Chimborazo en el Ecuador. Se sitúa en una altitud promedio de 3.050 msnm . La temperatura media es de 12 °C.', 45153, 520, 0, 0, '2019-11-18 18:23:29', '2019-11-18 18:23:49'),
(41, 5, 'GUANO', 'Guano es un cantón de la Provincia de Chimborazo en el Ecuador. Tiene una superficie de 473 km2, y su rango de altitud va desde los 2.000 hasta los 6.310 msnm, en el nevado Chimborazo. La cabecera cantonal está situada a diez minutos de Riobamba.', 42851, 473, 0, 0, '2019-11-18 18:23:29', '2019-11-18 18:23:49'),
(42, 5, 'PALLATANGA', 'Pallatanga es un cantón de la Provincia de Chimborazo en el Ecuador. Se ubica a más o menos 1 hora y 30 minutos de la capital de la provincia, Riobamba, y a 3 horas desde Guayaquil.', 11544, 270, 1.997777778, 78.96555556, '2019-11-18 18:23:29', '2019-11-18 18:23:49'),
(43, 5, 'PENIPE', 'Penipe es un cantón de la Provincia de Chimborazo en el Ecuador. Se sitúa entre los 2.500 y los 5.424 msnm, en el nevado El Altar. Se encuentra ubicado en el noreste de la provincia, a 22 km de distancia de la ciudad de Riobamba, con una extensión territorial de 240 km2. Su latitud es 1° 34  sur y su longitud 78° 31  60   oeste.', 6739, 240, 1.566666667, 8.533333333, '2019-11-18 18:23:29', '2019-11-18 18:23:49'),
(44, 5, 'CUMANDA', 'Cumandá es un cantón de la Provincia de Chimborazo en el Ecuador, se encuentra ubicado al sur oeste de la provincia de Chimborazo, a unas 2,45 horas de Riobamba. Fue cantonizado el 28 de enero de 1992. La cabecera cantonal, Cumandá, está situada a orillas del río Chimbo, que la separa del vecino centro poblado de Bucay, perteneciente a la Provincia del Guayas.', 12922, 158.7, 0, 0, '2019-11-18 18:23:29', '2019-11-18 18:23:49'),
(45, 6, 'LATACUNGA', 'El cantón Latacunga es una entidad territorial subnacional ecuatoriana, de la Provincia de Cotopaxi. Su cabecera cantonales la ciudad de Latacunga, lugar donde se agrupa gran parte de su población total.', 170489, 1377, 0.933333333, 78.61666667, '2019-11-18 18:23:29', '2019-11-18 18:23:49'),
(46, 6, 'LA MANA', 'La Maná, es uno de los siete cantones de la Provincia de Cotopaxi,. Tiene una superficie total de 66.258 hectáreas. Es el sexto cantón de la provincia de Cotopaxi.', 42216, 398, 0.933333333, 79.21666667, '2019-11-18 18:23:29', '2019-11-18 18:23:49'),
(47, 6, 'PANGUA', 'El Cantón Pangua, en la Provincia de Cotopaxi, en el centro del Ecuador, se formó el 31 de mayo de 1938.', 21965, 714.9, -1.2, -79.1, '2019-11-18 18:23:29', '2019-11-18 18:23:49'),
(48, 6, 'PUJILI', 'El cantón Pujilí es una entidad territorial subnacional ecuatoriana, de la Provincia de Cotopaxi. Su cabecera cantonal es la ciudad de Pujilí, lugar donde se agrupa gran parte de su población total. La cabecera cantonal se encuentra a 2.961 msnm, en las laderas del monte Sinchahuasín. Se fundó en 1657.', 69055, 1305.2, 0.95, 78.68333333, '2019-11-18 18:23:29', '2019-11-18 18:23:49'),
(49, 6, 'SALCEDO', 'El cantón Salcedo es una entidad territorial subnacional ecuatoriana, de la Provincia de Cotopaxi. Su cabecera cantonal es la ciudad de Salcedo, lugar donde se agrupa gran parte de su población total. Se cantonizó el 19 de septiembre de 1919. Su nombre es en honor al orador Manuel Antonio Salcedo y Legorburú, sacerdote.', 58216, 484, 1.05, 78.58333333, '2019-11-18 18:23:29', '2019-11-18 18:23:49'),
(50, 6, 'SAQUISILI', 'El cantón Saquisilí está situado en la Provincia de Cotopaxi, sierra central del Ecuador. El cantón se sitúa entre las cotas 2.900 y 4.200 msnm. La temperatura media es de 12 °C.', 25320, 1.29, 0, 0, '2019-11-18 18:23:29', '2019-11-18 18:23:49'),
(51, 6, 'SIGCHOS', 'Sigchos, es uno de los siete cantones de la Provincia de Cotopaxi, en el centro del Ecuador. La cantonización se produjo el 21 de julio de 1992.', 21944, 0, 0, 0, '2019-11-18 18:23:29', '2019-11-18 18:23:49'),
(52, 7, 'MACHALA', 'El cantón Machala es una entidad territorial subnacional ecuatoriana, de la Provincia de El Oro. Su cabecera cantonal es la ciudad de Machala, lugar donde se agrupa gran parte de su población total.', 245972, 338, 3.266666667, 79.96666667, '2019-11-18 18:23:29', '2019-11-18 18:23:49'),
(53, 7, 'ARENILLAS', 'Arenillas, oficialmente Cantón Arenillas, es un pequeño cantón ubicado en la parte Sur-occidental del territorio ecuatoriano y de la provincia de El Oro. Su capital es la ciudad de Arenillas, que de acuerdo al censo de 2001 tenía unapoblación total de 22 477 habitantes.', 26844, 810.17, 3.55, 80.06666667, '2019-11-18 18:23:29', '2019-11-18 18:23:49'),
(54, 7, 'ATAHUALPA', 'El cantón ecuatoriano Atahualpa, se encuentra ubicado en el centro geográfico de la provincia de El Oro, en Ecuador. Recibe su nombre en honor al último inca, Atahualpa.', 5833, 0, 2.9, 78.93333333, '2019-11-18 18:23:29', '2019-11-18 18:23:49'),
(55, 7, 'BALSAS', 'Balsas es un cantón de la Provincia de El Oro en el Ecuador. El nombre del cantón se debe a la abundante cantidad de árboles de balsa que existían en este sector. Las costumbres y tradiciones en Balsas se da en base a un arrastre que trajeron los primeros pobladores procedentes del Cantón Piñas, Zaruma y parte de la provincia de Loja.', 6861, 0, -3.7626, -79.8253, '2019-11-18 18:23:29', '2019-11-18 18:23:49'),
(56, 7, 'CHILLA', 'El origen del nombre de Chilla, se da en razón del viento que sopla en la colina y produce un sonido fuerte que imita a un chillido. Chilla estuvo situada inicialmente en lo que hoy se conoce por Pueblo Viejo, recinto cercano al actual poblado de Chilla.', 2484, 328, -3, -79.58, '2019-11-18 18:23:29', '2019-11-18 18:23:49'),
(57, 7, 'EL GUABO', 'El Guabo es un cantón de la Provincia de El Oro en Ecuador. Su cabecera cantonal es la ciudad de El Guabo. Su población en el censo de 2010 es de 50.009 habitantes.1', 50009, 4982, -3, -79.8292, '2019-11-18 18:23:29', '2019-11-18 18:23:49'),
(58, 7, 'HUAQUILLAS', 'Huaquillas es la ciudad fronteriza y principal entrada vía terrestre al Ecuador, ubicada al suroeste de la provincia ecuatoriana deEl Oro. Es la cuarta ciudad con mayor número de habitantes en la provincia.', 48285, 72, 3.481388889, 80.24333333, '2019-11-18 18:23:29', '2019-11-18 18:23:49'),
(59, 7, 'MARCABELI', 'El Cantón Marcabelí es una municipalidad de la provincia de El Oro. Su cabecera cantonal es la ciudad de Marcabelí. Su población es de 5.450 habitantes,1 tiene una superficie de 147km2.2 Su alcalde actual para el período 2009 - 2014 es Jorge Carrión Mora.', 5450, 1472.2, 3.786111111, 79.89777778, '2019-11-18 18:23:29', '2019-11-18 18:23:49'),
(60, 7, 'PASAJE', 'El cantón Pasaje es una entidad territorial subnacional ecuatoriana, de la Provincia de El Oro. Se ubica en la Región Costa. Su cabecera cantonal es la ciudad de Pasaje, lugar donde se agrupa gran parte de su población total...', 72806, 451, 3.326944444, 79.805, '2019-11-18 18:23:29', '2019-11-18 18:23:49'),
(61, 7, 'PIÑAS', 'Piñas es un cantón de la Provincia de El Oro que se encuentra al suroeste de Ecuador. Limita con los cantones: Balsas,Marcabelí, Arenillas, Santa Rosa, Atahualpa, Zaruma, y Portovelo pertenecientes a su misma provincia; y además limita con laProvincia de Loja.', 25988, 571.1, 3.666666667, 79.65, '2019-11-18 18:23:29', '2019-11-18 18:23:49'),
(62, 7, 'PORTOVELO', 'Portovelo es un cantón de la Provincia de El Oro, en Ecuador. Recibió su nombre en la época de la conquista española por su semejanza con otros pueblos de nombre similar en Panamá en los que buscaban oro, siendo además la orografía muy semejante.', 12200, 286.2, 3.716666667, 79.61666667, '2019-11-18 18:23:29', '2019-11-18 18:23:49'),
(63, 7, 'SANTA ROSA', 'El cantón Santa Rosa es una entidad territorial subnacional ecuatoriana, de la Provincia de El Oro. Su cabecera cantonal es la ciudad de Santa Rosa, lugar donde se agrupa gran parte de su población total. Su población es de 69.036 habitantes,1tiene una superficie de 889km2.2 Su alcalde actual para el período 2009 - 2014 es Clemente Bravo.', 69036, 8892, 3.452222222, 79.96166667, '2019-11-18 18:23:29', '2019-11-18 18:23:49'),
(64, 7, 'ZARUMA', 'En 1990, el Ministerio de Educación y Cultura de Ecuador declara a Zaruma Patrimonio Cultural del Estado Ecuatoriano. Desde 1998 Zaruma consta en la lista indicativa de laUnesco para ser declarada  Patrimonio Cultural de la Humanidad .', 24097, 643.5, 3.433333333, 79.6, '2019-11-18 18:23:29', '2019-11-18 18:23:49'),
(65, 7, 'LAS LAJAS', 'El Cantón Las Lajas es una municipalidad de la provincia de El Oro. Su cabecera cantonal es la ciudad de La Victoria. Su población es de 4.794 habitantes,1 tiene una superficie de 297km2.2 Su alcalde actual para el período 2014 - 2019 es William Valencia.', 4794, 2972, 3.785, 80.06166667, '2019-11-18 18:23:29', '2019-11-18 18:23:49'),
(66, 8, 'ESMERALDAS', 'El cantón Esmeraldas es una entidad territorial subnacional ecuatoriana, de la Provincia de Esmeraldas. Su cabecera cantonales la ciudad de Esmeraldas, lugar donde se agrupa gran parte de su población total.', 189504, 1351, 1.05, 79.2, '2019-11-18 18:23:29', '2019-11-18 18:23:49'),
(67, 8, 'ELOY ALFARO', 'El cantón Eloy Alfaro está ubicado al norte de la Provincia de Esmeraldas, en Ecuador. Su cabecera cantonal es LimonesLas principales poblaciones son Borbón, Maldonado, Selva Alegre, Playa de Oro, Atahualpa, Zapallo Grande, San Francisco del Onzole y Santo Domingo del Onzole. Estas poblaciones están distribuidas a lo largo de la cuenca del Río Santiago, donde confluyen además el Río Cayapas y el Río Onzole.', 39739, 4302, 1.25, 79, '2019-11-18 18:23:29', '2019-11-18 18:23:49'),
(68, 8, 'MUISNE', 'El cantón Muisne está ubicado al oeste de la Provincia de Esmeraldas, en Ecuador. Su cabecera cantonal es la parroquia urbana de Muisne. En lenguaje indígena Muisne significa abundancia.', 28474, 1265, 0.606666667, 80.01833333, '2019-11-18 18:23:29', '2019-11-18 18:23:49'),
(69, 8, 'QUININDE', 'El cantón Quinindé es una entidad territorial subnacional ecuatoriana, de la Provincia de Esmeraldas. Se ubica en la Región Costa. Su cabecera cantonal es la ciudad de Quinindé, lugar donde se agrupa gran parte de su población total.', 122570, 3855, 0.333333333, 79.48333333, '2019-11-18 18:23:29', '2019-11-18 18:23:49'),
(70, 8, 'SAN LORENZO', 'San Lorenzo es un cantón y puerto de la provincia de Esmeraldas, Ecuador. Está ubicado en la parte más septentrional del país siendo parte del mega sistema del Chocó, región de gran biodiversidad y en la que conviven las culturas indígenas Awá, Chachi, Éperas y los afro descendientes.1', 42486, 18572, 0, 0, '2019-11-18 18:23:29', '2019-11-18 18:23:49'),
(71, 8, 'ATACAMES', 'Atacames, es un cantón situado en la provincia de Esmeraldas, en la costa norte de Ecuador. Su capital es la ciudad de Atacames. En 2005 su población fue de 11,251 habitantes.2 siendo los afroecuatorianos un grupo muy importante junto a los descendientes de los aborígenes atacames.', 41526, 512.7, 0.866666667, 79.83333333, '2019-11-18 18:23:29', '2019-11-18 18:23:49'),
(72, 8, 'RIOVERDE', 'El Cantón Río Verde es una municipalidad de la provincia de Esmeraldas. Su cabecera cantonal es la ciudad de Rioverde, fundada por el científico Pedro Vicente Maldonado en el año 1743. Su población es de 26.869 habitantes', 26869, 1.506, 1.060277778, 79.40444444, '2019-11-18 18:23:29', '2019-11-18 18:23:49'),
(73, 8, 'LA CONCORDIA', 'La concordia es una ciudad ecuatoriana, de la Provincia de Santo Domingo de los Tsachilas, ubicada al noroeste del país, tiene aproximadamente 29.003 habitantes en la cabecera urbana y 42.924 habitantes en todo el cantón.', 42924, 325, 0.006666667, 79.39583333, '2019-11-18 18:23:29', '2019-11-18 18:23:49'),
(74, 9, 'SAN CRISTÓBAL', 'Su nombre oficial y en español,  San Cristóbal , proviene del patrón de los marinos, San Cristóbal (Christopher). Su antiguo nombre en inglés, chatham, provenía de William Pitt (el Viejo), primer conde de Chatham.', 5600, 558, 0.8, 89.4, '2019-11-18 18:23:29', '2019-11-18 18:23:49'),
(75, 9, 'ISABELLA', 'El Cantón Isabela es una municipalidad de la provincia de Galápagos. Su cabecera cantonal es la ciudad de Puerto Villamil. Su población es de 2.256 habitantes,1 tiene una superficie de 5.368km2.2 Su alcalde actual para el período 2009 - 2014 es Bolívar Tupiza.', 0, 5.37, 0.4725, 90.68111111, '2019-11-18 18:23:29', '2019-11-18 18:23:49'),
(76, 9, 'SANTA CRUZ', '', 0, 0, 0, 0, '2019-11-18 18:23:29', '2019-11-18 18:23:49'),
(77, 10, 'GUAYAQUIL', 'El cantón Guayaquil es una entidad territorial subnacional ecuatoriana, capital de la provincia del Guayas, en la República del Ecuador. Con más de 2.350.915 habitantes, según estadísticas de 2010, es el cantón más poblado del Ecuador. Su cabecera cantonal es la ciudad de Santiago de Guayaquil, lugar donde se agrupa más del 85% de su población total.', 0, 344, 2.183333333, 79.88333333, '2019-11-18 18:23:29', '2019-11-18 18:23:49'),
(78, 10, 'ALFREDO BAQUERIZO MORENO', 'El cantón Alfredo Baquerizo Moreno es un entidad subnacional de la provincia del Guayas en el Ecuador. Tiene una extensión de 218 km² y su población aproximada es de 25 179 habitantes', 25, 218, 1.916666667, 79.51666667, '2019-11-18 18:23:29', '2019-11-18 18:23:49'),
(79, 10, 'BALAO', 'Balao es un cantón de la Provincia del Guayas en la República del Ecuador. Su cabecera cantonal es Balao. Su territorio tiene una extensión de 469 Km² y su población es de 20.523 habitantes.1', 0, 469, 2.916666667, 79.81666667, '2019-11-18 18:23:29', '2019-11-18 18:23:49'),
(80, 10, 'BALZAR', 'Balzar es un cantón del norte de la Provincia del Guayas en la República del Ecuador. Su cabecera cantonal es San Jacinto de Balzar. La cantonización de Balzar ocurrió bajo la presidencia de Leonidas Plaza Gutiérrez, en el año de 1903, durante el mes de Septiembre, cuando el día 16 el H. Congreso Nacional expide el decreto de cantonización, que se ejecuta el 26 del mismo mes.', 0, 2518, 1.366666667, 79.9, '2019-11-18 18:23:29', '2019-11-18 18:23:49'),
(81, 10, 'COLIMES', 'Colimes es un cantón de la Provincia del Guayas en la República del Ecuador. Su cabecera cantonal es Colimes. Su territorio abarca una extensión de 755 Km² y su población 23.423 mil habitantes.1', 0, 755, 1.55, 80.01666667, '2019-11-18 18:23:29', '2019-11-18 18:23:49'),
(82, 10, 'DAULE', 'El Cantón de Daule se encuentra localizado en el Ecuador, en región de la costa en la Provincia del Guayas, con una población 120 mil habitantes, de los cuales 65 mil viven en el área urbana, en la ciudad de Daule, y 54 mil en la zona rural, apenas 7.038 casas cuentan con una red pública de agua potable, según datos del Instituto Nacional de Estadística y Censos (INEC) en el 2001.', 120, 475, 1.866666667, 79.98333333, '2019-11-18 18:23:29', '2019-11-18 18:23:49'),
(83, 10, 'DURAN', 'Eloy Alfaro, mejor conocido como Durán, es un cantón de la provincia del Guayas, en el Ecuador. Está ubicado en el margen oriental del río Guayas. Está situada frente a la ciudad de Guayaquil, capital provincial, a la que está unida por el puente de la Unidad Nacional. La ciudad de Durán es la cabecera del cantón homónimo. Según datos oficiales del INEC según censo 2010, la ciudad tiene 255.769 habitantes y el cantón 235.769', 255769, 58.6, 2.166666667, 79.83333333, '2019-11-18 18:23:29', '2019-11-18 18:23:49'),
(84, 10, 'EL EMPALME', 'El cantón El Empalme es una entidad territorial subnacional ecuatoriana, de la Provincia de Guayas. Se ubica en la Región Costa. Su cabecera cantonal es la ciudad de Velasco Ibarra, lugar donde se agrupa gran parte de su población total.', 74, 711, 1.046111111, 79.63361111, '2019-11-18 18:23:29', '2019-11-18 18:23:49'),
(85, 10, 'EL TRIUNFO', 'El Triunfo es un cantón de la Provincia del Guayas en la República del Ecuador. Su cabecera cantonal es la ciudad de El Triunfo. Su territorio tiene una extensión de 405 km² y su población es de 50.060 mil habitantes.1', 50060, 405, 0, 0, '2019-11-18 18:23:29', '2019-11-18 18:23:49'),
(86, 10, 'MILAGRO', 'El cantón Milagro es una entidad territorial subnacional ecuatoriana, de la provincia de Guayas. Su cabecera cantonal es la ciudad de Milagro, lugar donde se agrupa gran parte de su población total.', 166, 401, 2.126944444, 79.59916667, '2019-11-18 18:23:29', '2019-11-18 18:23:49'),
(87, 10, 'NARANJAL', 'El cantón Naranjal es una entidad territorial subnacional ecuatoriana, de la Provincia de Guayas. Se ubica al sur de la Región Costa. Su cabecera cantonal es la ciudad de Naranjal, lugar donde se agrupa gran parte de su población total. Su territorio tiene una superficie de 2.015 km² y su población de 53.800 habitantes.', 69012, 2.02, 2.672777778, 79.615, '2019-11-18 18:23:29', '2019-11-18 18:23:49'),
(88, 10, 'NARANJITO', 'La población es muy antigua aunque en los años de la colonia no tuvo mayor importancia. En la República, el 21 de junio de1873 fue creada como parroquia rural del cantón Yaguachi, al que perteneció hasta el 17 de septiembre de 1913 en que al crearse el cantón Milagro pasó a pertenecer a esa nueva jurisdicción', 32963, 250, 2.173055556, 79.46722222, '2019-11-18 18:23:29', '2019-11-18 18:23:49'),
(89, 10, 'PALESTINA', 'Palestina es un cantón de la provincia del Guayas, en la República del Ecuador. Su cabecera cantonal es Palestina. Está ubicada en el centro-norte de la provincia.', 0, 80, 1.626388889, 79.97694444, '2019-11-18 18:23:29', '2019-11-18 18:23:49'),
(90, 10, 'PEDRO CARBO', 'El cantón debe su nombre al político guayaquileño Pedro Carbo Noboa. Nacido el 19 de marzo de 1813, hijo del Coronel José Carbo Unzueta y de la Sra. Josefa Noboa y Arteta. Pedro Carbo sirvió al Ecuador desde varios cargos públicos y privados: fue Presidente, Vicepresidente y Vocal del Concejo Municipal de Guayaquil;', 39706, 0, 1.833333333, 80.23333333, '2019-11-18 18:23:29', '2019-11-18 18:23:49'),
(91, 10, 'SAMBORONDON', 'Samborondón es un cantón de la provincia del Guayas, en la República del Ecuador. Se encuentra al frente de Guayaquil, separado por el Río Daule y frente al Cantón Durán, separado por el Río Babahoyo; para llegar de ambos cantones está elPuente de la Unidad Nacional y el Puente Alterno Norte.', 67, 252, 2.183333333, 79.88333333, '2019-11-18 18:23:29', '2019-11-18 18:23:49'),
(92, 10, 'SANTA LUCIA', 'Santa Lucía es un cantón de la Provincia del Guayas en la República del Ecuador. Su cabecera cantonal es la ciudad de Santa Lucía. Tiene una extensión de 359 Km² y su población es de 38.923 habitantes que se distribuyen en 8.810 en el área urbana y 30.113 en el sector rural según el censo del INEC del 26 de Noviembre del 2010.2', 38, 359, 1.713888889, 79.985, '2019-11-18 18:23:29', '2019-11-18 18:23:49'),
(93, 10, 'URBINA JADO', 'Salitre, antiguamente conocido como Urbina Jado, es un cantón de la provincia del Guayas, en la República del Ecuador.1 Está ubicado en el centro-oeste de la provincia. También es conocida como la  Capital montubia del Ecuador .2', 73000, 388, 1.829444444, 79.81555556, '2019-11-18 18:23:29', '2019-11-18 18:23:49'),
(94, 10, 'YAGUACHI', 'Yaguachi es un cantón de la provincia del Guayas de la República del Ecuador. Su cabecera cantonal es la ciudad de San Jacinto de Yaguachi.', 0, 0, 2.19, 79.8875, '2019-11-18 18:23:29', '2019-11-18 18:23:49'),
(95, 10, 'PLAYAS', 'El cantón Playas está situado al suroeste de la provincia del Guayas. Su cabecera cantonal es la ciudad de General Villamil, más conocida como  Playas . Está a 96 kilómetros de la capital de provincia Guayaquil. Limita al norte y este con los cantonesGuayaquil y Santa Elena; al sur y oeste con el Océano Pacífico.', 0, 280.2, 2.19, 79.8875, '2019-11-18 18:23:29', '2019-11-18 18:23:49'),
(96, 10, 'SIMON BOLIVAR', 'El Cantón Simón Bolívar, está ubicado en la Provincia del Guayas en el margen Oriental, al norte del Cantón Naranjito y al Este del Cantón Milagro, tiene una extensión aproximada de 29.273,30 Ha., distribuido en sus dos parroquias: Parroquia Urbana Simón Bolívar 13.233,70 Ha. y Parroquia Rural Lorenzo de Garaicoa 16.039,60 Ha. siendo la extensión de la cabecera cantonal 436,46 Ha.', 25483, 292, 2.156666667, 79.8875, '2019-11-18 18:23:29', '2019-11-18 18:23:49'),
(97, 10, 'CORONEL MARCELINO MARIDUEÑA', 'Marcelino Maridueña es un cantón de la provincia del Guayas, en la República del Ecuador. Su cabecera es Marcelino Maridueña situada a 65 km de la ciudad de Guayaquil. Se encuentra al este de la provincia, asentada a 80 m.s.n.m., su temperatura promedio es de 24 °C y una precipitación promedio anual de 1700 mm.', 0, 337, 2.2, 79.41666667, '2019-11-18 18:23:29', '2019-11-18 18:23:49'),
(98, 10, 'LOMAS DE SARGENTILLO', 'El territorio que ocupa el cantón Lomas de Sargentillo se extiende sobre un área de 533 Km². Limita al norte conel cantón Santa Lucía; al sur con los cantones Nobol, Isidro Ayora y Guayaquil; al este con los cantones Daule y Nobol, y al oeste con el cantónIsidro Ayora. Su población es de 35 000 habitantes de los cuales 1500 son urbanos y 2000 son rurales.', 0, 533, 1.883333333, 80.08333333, '2019-11-18 18:23:29', '2019-11-18 18:23:49'),
(99, 10, 'NOBOL', 'Nobol es un cantón de la Provincia del Guayas en la República del Ecuador. Su cabecera cantonal es Nobol. Tiene una extensión está cerca de los 127 Km² y su población es de 14 mil habitantes aproximadamente que se reparten En 6 407 en la población urbana y 7 769 en la población rural según el censo del INEC del 2001.en este lugar se encuentra el santuario de Santa Narcisa de Jesús que fue declarada santa en el 2008.', 14000, 127, 1.916666667, 80.7, '2019-11-18 18:23:29', '2019-11-18 18:23:49'),
(100, 10, 'GENERAL ANTONIO ELIZALDE', 'El cantón Bucay está situado al este de la provincia del Guayas. Su cabecera cantonal es también conocida como Bucay. Está a 96 kilómetros de la capital de provincia Guayaquil. Limita al norte con la provincia de Bolívar; al sur y al este con la provincia deChimborazo; y al oeste con los cantones Naranjito y Marcelino Maridueña.1', 10000, 154, 2.2, 79.16666667, '2019-11-18 18:23:29', '2019-11-18 18:23:49'),
(101, 10, 'ISIDRO AYORA', 'Isidro Ayora es uno de los 25 cantones de la provincia del Guayas en la República del Ecuador. Tanto el cantón como su cabecera cantonal, llevan el mismo nombre en honor al ex presidente Isidro Ramón Ayora Cueva.', 10870, 488, 1.883333333, 80.16666667, '2019-11-18 18:23:29', '2019-11-18 18:23:49'),
(102, 11, 'IBARRA', 'El cantón Ibarra es una entidad territorial subnacional ecuatoriana, de la Provincia de Imbabura. Su cabecera cantonal es la ciudad de Ibarra, lugar donde se agrupa gran parte de su población total.', 181175, 1093, 2.908888889, 78.98277778, '2019-11-18 18:23:29', '2019-11-18 18:23:49'),
(103, 11, 'ANTONIO ANTE', 'Antonio Ante es un cantón de Ecuador, localizado en la provincia de Imbabura. Su cabecera cantonal es la parroquia de Atuntaqui. Su población en el censo de 2010 es de 45.184 habitantes. Tiene una superficie de 79km2. Densidad de 456,36hab/km2.', 45184, 79, 0.32, 78.21, '2019-11-18 18:23:29', '2019-11-18 18:23:49'),
(104, 11, 'COTACACHI', 'El Cantón Cotacachi es una municipalidad de la provincia de Imbabura. Su cabecera cantonal es la ciudad de Cotacachi. Su población es de 40.036 habitantes,1 tiene una superficie de 1726km2.2 Su alcalde actual para el período 2009 - 2014 es Alberto Anrango.', 40036, 1726, 0.3, 78.26666667, '2019-11-18 18:23:29', '2019-11-18 18:23:49'),
(105, 11, 'OTAVALO', 'El cantón Otavalo es una entidad territorial subnacional ecuatoriana, de la Provincia de Imbabura. Se ubica al norte de laRegión Sierra. Su cabecera cantonal es la ciudad de Otavalo, lugar donde se agrupa gran parte de su población total.', 104, 500, 0.233333333, 78.26666667, '2019-11-18 18:23:29', '2019-11-18 18:23:49'),
(106, 11, 'PIMAMPIRO', 'Pimampiro es un cantón de la Provincia de Imbabura en Ecuador. Su nombre oficial es San Pedro de Pimampiro.', 12970, 442.5, 0.4, 77.96666667, '2019-11-18 18:23:29', '2019-11-18 18:23:49'),
(107, 11, 'SAN MIGUEL DE URCUQUI', 'San Miguel de Urcuquí es un cantón de Ecuador, localizado en la provincia de Imbabura. Su cabecera cantonal es la ciudad de Urcuquí. Su población en el censo de 2010 es de 15.888 habitantes. Tiene una superficie de 767km2. Altura sobre el nivel del mar 2384msnm. Alberga a la Ciudad del conocimiento Yachay, la primera ciudad planificada de Ecuador', 17301, 7672, 0.420223283, -78.21819305, '2019-11-18 18:23:29', '2019-11-18 18:23:49'),
(108, 12, 'LOJA', 'El cantón Loja es un cantón en la provincia de Loja, Ecuador. El origen de su nombre se debe a la presencia de la ciudad y cabecera cantonal de Loja.', 214855, 1928, 3.983333333, 79.2, '2019-11-18 18:23:29', '2019-11-18 18:23:49'),
(109, 12, 'CALVAS', 'El Cantón Calvas es creado el 25 de junio de 1824 con la expedición de la Ley de División Territorial, decretada por Francisco Paula de Santander, presidente de la Gran Colombia, cuya jurisdicción comprendía los actuales cantones de: Macará, Sozoranga, Espíndola y parte Gonzanamá. Se ratifica su creación en 1830 y en 1861, pero elevando a Sozoranga como cabecera cantonal y luego en 1863 devolviendo la categoría de Cabecera Cantonal a Cariamanga.', 28185, 855, 4.326944444, 79.55444444, '2019-11-18 18:23:29', '2019-11-18 18:23:49'),
(110, 12, 'CATAMAYO', 'Catamayo es un cantón que se encuentra ubicado provincia de Loja, Ecuador. se caracteriza por maravillosos paisajes naturales en los que se destaca una flora y fauna exuberantes. Posee los valles más fértiles, de inagotable abundancia agrícola de la Región, los mismos que son bañados por dos ríos, Boquerón y Guayabal.', 30638, 649, -4, -79.35, '2019-11-18 18:23:29', '2019-11-18 18:23:49'),
(111, 12, 'CELICA', 'Esta región accidental de la provincia de Loja, de topografía plasmada de contrastes: Azuladas montañas, verdes y profundos avalles, diversos pisos climáticos, exuberante agricultura y variada ganadería, fue fundada sobre poblados indígenas aún más antiguos a los Incas.', 14468, 517.8, 4.103055556, 79.95611111, '2019-11-18 18:23:29', '2019-11-18 18:23:49'),
(112, 12, 'CHAGUARPAMBA', 'Chaguarpamba es un cantón de la Provincia de Loja en Ecuador, su población estimada es de 7.161 habitantes.1 El Alcalde actual es el Ingeniero Líder Moises Córdova Robles. Su extensión territorial es 311.7 km², con una altitud promedio de 1050 msnm. La temperatura promedio es de 18ºC a 24ºC.', 7161, 311.7, 3.876944444, 79.64416667, '2019-11-18 18:23:29', '2019-11-18 18:23:49'),
(113, 12, 'ESPINDOLA', 'Espíndola es un cantón de la Provincia de Loja en Ecuador, su población estimada es de 14.799 habitantes.1 El alcalde actual es el Ing. Alvaro García. La fiesta de cantonización se celebra el 27 de abril. La extensión territorial es de 514.22 km2. La altura sobre el nivel del mar varía de 1400 a 3400 msnm.', 14799, 514.22, 4.583055556, 79.42694444, '2019-11-18 18:23:29', '2019-11-18 18:23:49'),
(114, 12, 'GONZANAMA', 'Gonzanamá es uno de los 16 cantones que conforman la provincia de Loja, Ecuador, se encuentra ubicado en una amplia zona al sureste del cantón Loja. Se encuentra ubicado en la parte central de la provincia con dirección sur oriente; su altura fluctúa entre 1.000 y 2.800 msnm.', 12716, 0, 4.231388889, 79.43527778, '2019-11-18 18:23:29', '2019-11-18 18:23:49'),
(115, 12, 'MACARA', 'Ubicado a 195 Km de la ciudad de Loja, valle extenso de terrenos empleados principalmente para la producción de arroz. Es atravesado por el río del mismo nombre, formándose en sus riveras balnearios visitados por turistas nacionales y extranjeros. Este río sirve también de límite natural internacional con el Perú, sobre el cual se levanta el puente Internacional que da la bienvenida a turistas que visitan. El cantón cuenta con 21901 habitantes.', 19018, 578, 4.383333333, 79.95, '2019-11-18 18:23:29', '2019-11-18 18:23:49'),
(116, 12, 'PALTAS', 'Paltas es un cantón de la provincia de Loja, lleva este nombre por la presencia de la etnia preincaica Palta, que constituye el elemento fundamental de la etnografía e historia provincial. Su alcalde para el período 2014 - 2019 es Ramiro Maita Sánchez.', 23801, 0, 4.048888889, 79.6475, '2019-11-18 18:23:29', '2019-11-18 18:23:49'),
(117, 12, 'PUYANGO', 'Puyango cantón de la provincia de Loja en Ecuador, con una superficie de 643 km², temperatura media 18ºC, altura 1380 msnm, tiene 16.800 habitantes, su alcalde actual para el período 2014 - 2019 es Carlos Patricio Granda Sánchez. Su cabecera cantonal es la ciudad de Alamor.', 15513, 643, 4.017777778, 80.02138889, '2019-11-18 18:23:29', '2019-11-18 18:23:49'),
(118, 12, 'SARAGURO', 'Saraguro es un cantón de la Provincia de Loja en Ecuador, su población estimada es de 30.183 habitantes.1 En el cantón se encuentra la nacionalidad indígena de los Saraguros.', 30183, 0, 0, 0, '2019-11-18 18:23:29', '2019-11-18 18:23:49'),
(119, 12, 'SOZORANGA', 'Sozoranga es un cantón de la Provincia de Loja en Ecuador, su población estimada es de 7.465 habitantes.1 El alcalde actual es el Sr. Romeo Moreno. La fiesta de cantonización se celebra el 20 de diciembre.', 7465, 0, 4.327777778, 79.78972222, '2019-11-18 18:23:29', '2019-11-18 18:23:49'),
(120, 12, 'ZAPOTILLO', 'Cantón Zapotillo, Situado en la parte occidental de la provincia de Loja, en el sur de Ecuador, cuya cabecera cantonal esZapotillo. Tiene una exuberante belleza natural rodeada de tamarindos, algarrobos y palmeras, motivo el cual es conocido como El Paraíso Escondido en la Tierra.', 12312, 1215, 4.386388889, 80.24361111, '2019-11-18 18:23:29', '2019-11-18 18:23:49'),
(121, 12, 'PINDAL', 'Pindal es un cantón de la Provincia de Loja en Ecuador, su población estimada es de 8.645 habitantes.1 El alcalde actual es el Sr.Livar Bustamnte C.', 8645, 0, 4.116111111, 80.1075, '2019-11-18 18:23:29', '2019-11-18 18:23:49'),
(122, 12, 'QUILANGA', 'tmo_canton Quilanga  es un cantón del Ecuador, ubicado en la Provincia de Loja. Su capital es la ciudad de Quilanga. Su población en el censo de 2001 era de 4.582.1 Su alcalde actual para el período 2009 - 2014 es Francisco Jaramillo.', 4337, 0, 4.298055556, 79.39861111, '2019-11-18 18:23:29', '2019-11-18 18:23:49'),
(123, 12, 'OLMEDO', 'Es uno de los productores del mejor Café del Ecuador y del mundo, lo confirma su participación en las 6 ediciones de Taza Dorada, en las ha estado en el top de los 10 mejores cafés especiales del País, y es Bicampeón Nacional (2009, 2013).', 4870, 62.63, 3.936111111, 79.64611111, '2019-11-18 18:23:29', '2019-11-18 18:23:49'),
(124, 13, 'BABA', 'Baba nació de la Tribu conocida como  Tribu de los Babas , la misma que era conocida por transportar mercadería a las zonas cercanas, su más grande aliado, una tribu cercana que se asentaba en una localidad bodeguera, ahora convertida en la capital de la Provincia de Los Rios (Babahoyo), ambas eran extensas zonas comerciales de la región. Los Babas o Babahuyus eran guerreros de raza huancavilca que habitaban en esta región, fue con ellos que el conquistador Sebastián de Benalcazar realizó una alianza para evitar el enfrentamiento armado.', 39681, 516, 1.784166667, 79.67666667, '2019-11-18 18:23:29', '2019-11-18 18:23:49'),
(125, 13, 'BABAHOYO', 'Babahoyo es una ciudad ecuatoriana, capital de Los Ríos. Es la ciudad mas importante y la segunda ciudad mas poblada de la Provincia de Los Ríos. Es una de las ciudades más importantes del Ecuador y el puerto fluvial más importante del país. Rodeada de ríos como el río Babahoyo que se unen y desembocan en el río Guayas. Es la capital provincial más cerca al puerto principal del país, Guayaquil.', 153776, 1076, 1.816666667, 79.51666667, '2019-11-18 18:23:29', '2019-11-18 18:23:49'),
(126, 13, 'BUENA FE', 'Buena Fe es una ciudad ecuatoriana ubicada al centro de dicho país, cuenta con una población de 38.263 habitantes (en 2010), su actividad económica principal es la agropecuaria. Es la cabecera cantonal del Cantón Buena Fe y la tercera ciudad más grande y poblada de la Provincia de Los Ríos.', 63148, 569, 0.893055556, 79.49083333, '2019-11-18 18:23:29', '2019-11-18 18:23:49'),
(127, 13, 'MOCACHE', 'Mocache es un cantón de la provincia de Los Ríos en Ecuador. Su cabecera cantonal es la ciudad de Mocache. Su población es de 38.392 habitantes,1 tiene una superficie de 572.3 km2.2 Su alcalde actual para el período 2009 - 2014 es Leandro Ullón Rodríguez.', 38392, 562, 1.190555556, 79.50611111, '2019-11-18 18:23:29', '2019-11-18 18:23:49'),
(128, 13, 'MONTALVO', 'Montalvo es un cantón de la Provincia de Los Ríos en la región costa de Ecuador, su cabecera cantonal es Montalvo, consta de una parroquia urbana: Montalvo, y una parroquia rural: La Esmeralda, además de los recintos: La Nena, La Esmeralda, San Jorge, San Pedro, Potosí, Pisagua, las Mercedes, Las Cruces, El Triunfo, La Pradera, Limatón, Carmen Rosa, Las Balsas, La Vitalia, Pretoria, La Victoria, El Cisne, La Ernestina, San Antonio, San Joaquín entre otros. La principal actividad económica es la agricultura y turismo.', 24164, 362, 1.793888889, 79.28583333, '2019-11-18 18:23:29', '2019-11-18 18:23:49'),
(129, 13, 'PALENQUE', 'Palenque es un cantón de la provincia de Los Ríos en Ecuador. Su cabecera cantonal es la ciudad de Palenque. Su población es de 22.320 habitantes,1 tiene una superficie de 570 km2.2 Su alcalde actual para el período 2014 - 2019 es Alberto Ullon Loor. Cantón netamente agrícola', 22320, 570, 1.436666667, 79.75583333, '2019-11-18 18:23:29', '2019-11-18 18:23:49'),
(130, 13, 'PUEBLOVIEJO', 'San Francisco de Puebloviejo es un cantón de la Provincia de Los Ríos en Ecuador.Comprende la parroquia urbana de Puebloviejo (13.376 hab.) y las parroquias rurales de Puerto Pechiche (4.674 hab.) y San Juan (18.427 hab.), esta última la más poblada del cantón.', 46477, 336, 1.553611111, 79.53583333, '2019-11-18 18:23:29', '2019-11-18 18:23:49'),
(131, 13, 'QUEVEDO', 'Quevedo es una ciudad ecuatoriana ubicada al centro de dicho país, cuenta con una población de 150.827 habitantes (en 2010), su actividad económica principal es la agropecuaria. Es la cabecera cantonal del Cantón Quevedo y la ciudad más grande y poblada de la Provincia de Los Ríos.', 173575, 303, 1.033333333, 79.45, '2019-11-18 18:23:29', '2019-11-18 18:23:49'),
(132, 13, 'QUINSALOMA', 'Es un cantón netamente agrícola donde se produce y comercializan varios productos como: café, cacao, maíz, arroz, soya, maracuyá, fréjol de palo, banano y cítricos. Ubicado en el centro del Ecuador con un clima subtropical que estimula a propios y extraños a nadar en sus diferentes ríos que son fuentes de agua dulce que existen en sus alrededores. Quinsaloma es uno de los cantones mas jóvenes del Ecuador ya que fue creado el 20 de noviembre del 2007, mediante publicación en el Registro Oficial Nº 215. Previamente había pertenecido a Ventanas, en calidad de parroquia desde el 15 de noviembre del año 1979 hasta la fecha de cantonización.', 16476, 280, 1.206111111, 79.31444444, '2019-11-18 18:23:29', '2019-11-18 18:23:49'),
(133, 13, 'URDANETA', 'Urdaneta es un cantón de la provincia de Los Ríos en Ecuador. Su cabecera cantonal es la ciudad de Catarama. Su población es de 29.263 habitantes1 y tiene una superficie de 290 km2.2 Su actual alcalde es Emilio Subía Vera.', 29263, 377, 1.570555556, 79.47111111, '2019-11-18 18:23:29', '2019-11-18 18:23:49'),
(134, 13, 'VALENCIA', 'Valencia, considerado como el  Jardín de Los Ríos , es uno de los 13 cantones más jóvenes de la Provincia de Los Ríos, del Ecuador, está localizado en la región litoral del país, a 20 minutos de Quevedo, a 5 horas de la capital Quito y a 3 horas de Guayaquil, entre las coordenadas 0°57‘09‘’ de latitud sur y 79°21‘11‘’ de longitud oeste, segundo en extensión, con 987.00 Km2.1', 42556, 707, 0.9525, 79.35305556, '2019-11-18 18:23:29', '2019-11-18 18:23:49'),
(135, 13, 'VENTANAS', 'Ventanas es una ciudad ecuatoriana, cabecera del Cantón Ventanas, Provincia de Los Ríos, localizada en la región litoral de Ecuador, cuenta con una población aproximadamente de 38.168 habitantes; se encuentra a dos horas de Guayaquil y a seis horas de Quito la capital del Ecuador. Está dividida en dos parroquias urbanas: Ventanas (centro-sur) y 10 de Noviembre (norte).', 42556, 288, 1.45, 79.46666667, '2019-11-18 18:23:29', '2019-11-18 18:23:49');
INSERT INTO `tmo_canton` (`id`, `id_provincia`, `nombre_canton`, `descripcion_canton`, `poblacion_canton`, `superficie_canton`, `latitud_canton`, `longitud_canton`, `created_at`, `updated_at`) VALUES
(136, 13, 'VINCES', 'San Lorenzo de Vinces es cabecera cantonal del cantón Vinces. Es uno de los cantones más antiguos de la provincia de Los Ríos, en el Ecuador con un estimado de 72.000 habitantes, el 61% de su población reside en el área rural, se caracteriza por ser una población de jóvenes, ya que alrededor del 44% de la población son menores de 20 años. En la cabecera cantonal Vinces residen alrededor de 25.000 habitantes. Se encuentra en la costa ecuatoriana, aproximadamente a 100 km al norte de la ciudad de Guayaquil.', 71736, 603, 1.55, 79.73333333, '2019-11-18 18:23:29', '2019-11-18 18:23:49'),
(137, 14, '24 DE MAYO', 'Veinticuatro de Mayo es un cantón de la provincia de Manabí en Ecuador, tiene una población de 28.846 habitantes.1 Su alcalde actual para el período 2014 - 2019 es el Ing. Ramón Vicente Cedeño Barberán. Su cabecera cantonal es la ciudad de Sucre.', 28846, 524, 1.278888889, 80.42, '2019-11-18 18:23:29', '2019-11-18 18:23:49'),
(138, 14, 'BOLIVAR', 'Bolívar es una provincia del centro de Ecuador, en la cordillera occidental de los Andes. Su capital es la ciudad de Guaranda. La Provincia de Bolívar se llama así en honor al Libertador Simón Bolívar.', 40735, 537, 1.6, 79, '2019-11-18 18:23:29', '2019-11-18 18:23:49'),
(139, 14, 'CHONE', 'El cantón Chone es una entidad territorial subnacional ecuatoriana de la Provincia de Manabí, administrada por un municipio en sus instancias jurídiccionales. Su sede y capital es Chone, donde residen todas sus principales instituciones públicas y privadas. El cantón Chone se extiende a lo largo de toda la zona norte y septentrional de la provincia de Manabí, ocupando la mayor proporción territorial de dicha jurisdicción, ubicándose en la zona noroccidental de la región costa ecuatoriana y encontrándose situada en plena línea ecuatorial. Está dividida a nivel hemisférico por dicha principal línea paralela que la sobrevuela encima de un subsuelo productivo, húmedo y tórrido. Oficialmente consta dividida en 9 parroquias: 2 urbanas y 7 rurales.', 126491, 3017, 0.683333333, 80.1, '2019-11-18 18:23:29', '2019-11-18 18:23:49'),
(140, 14, 'EL CARMEN', 'El cantón El Carmen es una entidad territorial subnacional ecuatoriana, de la Provincia de Manabí. Su cabecera cantonal es la ciudad de El Carmen, lugar donde se agrupa gran parte de su población total.', 89021, 1245, 1.314722222, 80.01694444, '2019-11-18 18:23:29', '2019-11-18 18:23:49'),
(141, 14, 'FLAVIO ALFARO', 'Flavio Alfaro es un cantón de la provincia de Manabí en Ecuador, tiene una población de 25.004 habitantes.1 Su nombre hace honor aFlavio Alfaro, político y militar liberal ecuatoriano, muerto en la Hoguera Bárbara, sobrino del General Eloy Alfaro.', 25004, 1343, 0.405833333, 79.90861111, '2019-11-18 18:23:29', '2019-11-18 18:23:49'),
(142, 14, 'JAMA', 'Jama es un cantón de la provincia de Manabí en Ecuador, tiene una población de 23.253 habitantes.1 Su cabecera cantonal es la ciudad de Jama. El alcalde actual para el período 2009 - 2014 es Alex Cevallos Medina. La mayoría de la población se dedica al turismo, ya que posee playas por ubicarse en la costa del oceáno Pacífico.', 23253, 575, 0.2025, 80.26638889, '2019-11-18 18:23:29', '2019-11-18 18:23:49'),
(143, 14, 'JARAMIJO', 'Jaramijó es una cantón de la provincia de Manabí, en la Costa del Océano Pacífico, conocido como caleta de pescadores limita Al Norte con el Océano Pacífico, al Sur con Montecristi, al este con Portoviejo y al Oeste con Manta.', 18486, 97, 0.948611111, 80.63638889, '2019-11-18 18:23:29', '2019-11-18 18:23:49'),
(144, 14, 'JIPIJAPA', 'Jipijapa, La Villa de San Lorenzo de Jipijapa, también Xipixapa. Es un cantón ubicado al sur de la provincia de Manabí. En la franja costera del Ecuador.', 71083, 347, 1.333333333, 80.58333333, '2019-11-18 18:23:29', '2019-11-18 18:23:49'),
(145, 14, 'JUNIN', 'Junín es un cantón de la provincia de Manabí en Ecuador, tiene una población de 18.942 habitantes.1 Su alcalde actual para el período 2014-2019 Ing. Kleber Miguel Solorzano Villavicencio, hijo del ya fallecido ex Alcalde de Junin por 2 periodos y Diputado de la Republica del Ecuador Sr. Kettier Solorzano Jaramillo y la Sra. Mariana Villavicencio Nieto. Su fecha de cantonización fue el 8 de noviembre de1952.', 18942, 246, 0.926111111, 80.20527778, '2019-11-18 18:23:29', '2019-11-18 18:23:49'),
(146, 14, 'MANTA', 'Manta, denominada oficialmente como San Pablo de Manta, es una de las ciudades más importantes del Ecuador, localizada en la provincia de Manabí, es la cabecera cantonal del cantón homónimo. Está asentada en una espléndida bahía, que le ha dado la característica de puerto internacional en la costa del Océano Pacífico. La ciudad es el centro financiero y económico de la provincia, además de ser la ciudad más poblada de la provincia, y una de las principales ciudades del país, alberga grandes organismos culturales, financieros, administrativos y comerciales.', 226477, 309, 0.95, 80.71611111, '2019-11-18 18:23:29', '2019-11-18 18:23:49'),
(147, 14, 'MONTECRISTI', 'Montecristi es un cantón de la provincia de Manabí en Ecuador, está ubicado al sur oriente de la provincia manabita. Entre sus mayores atractivos se encuentran la Isla de la Plata, famosa por los avistamientos de ballenas.', 70294, 734, 1.033333333, 80.65, '2019-11-18 18:23:29', '2019-11-18 18:23:49'),
(148, 14, 'OLMEDO', 'Olmedo es uno de los últimos cantones creados en las provincia de Manabí, el inicio fue recinto de las entonces parroquias de Santa Ana del cantón Portoviejo, al crear el cantón,Santa Ana paso a hacer parroquia Rural,hasta que el 31 de agosto de 1994 el Honorable Congreso Nacional publica en el Registro Oficial la cantonizacion de Olmedo. Las fuentes de riqueza de Olmedo son la agricultura y la ganadería. Tiene una población de 9.844 habitantes. El alcalde actual es Jacinto Zamora Rivera. 1', 9844, 253, 1.396111111, 80.20611111, '2019-11-18 18:23:29', '2019-11-18 18:23:49'),
(149, 14, 'PAJAN', 'Paján es un cantón de la provincia de Manabí en Ecuador, tiene una población de 35.192 habitantes.1 Su cabecera cantonal es la ciudad de Paján. El alcalde actual para el período 2014 - 2019 es Galo Borbor Flores.', 37073, 1079, 1.55, 80.43333333, '2019-11-18 18:23:29', '2019-11-18 18:23:49'),
(150, 14, 'PEDERNALES', 'Pedernales es un cantón de la provincia de Manabí en Ecuador, tiene una población de 55.128 habitantes.1 Su cabecera cantonal es la ciudad de Pedernales. El alcalde actual para el período 2014 - 2019 es Gabriel Alcivar Robles. La mayoría de la población se dedica al turismo, ya que posee playas por ubicarse en la costa del oceáno Pacífico.', 55128, 1932, 0.207222222, 79.57, '2019-11-18 18:23:29', '2019-11-18 18:23:49'),
(151, 14, 'PICHINCHA', 'Pichincha es un cantón de la Provincia de Manabí, está ubicado en el extremo oriental de Manabí, bañado por las aguas del Río Daule, cuyos márgenes es la línea divisoria de esta provincia con Guayas.', 30244, 1067, 1.047222222, 79.81861111, '2019-11-18 18:23:29', '2019-11-18 18:23:49'),
(152, 14, 'PORTOVIEJO', 'El cantón Portoviejo es una entidad territorial subnacional ecuatoriana, capital de la provincia de Manabí, en la República del Ecuador. Su cabecera cantonal es la ciudad de Portoviejo, lugar donde se agrupa más del 72% de su población total.1', 280029, 968, 1.056111111, 80.45527778, '2019-11-18 18:23:29', '2019-11-18 18:23:49'),
(153, 14, 'PUERTO LOPEZ', 'Puerto López es un cantón de la provincia de Manabí en Ecuador, tiene una población de 20.451 habitantes.1 Su cabecera cantonal es la ciudad dePuerto López. El alcalde actual para el período 2014 - 2019 es Miguel Plua. El cantón es famoso por el avistamiento de ballenas. Dentro del cantón se encuentra el Parque nacional Machalilla.', 20451, 420, 1.559166667, 80.81194444, '2019-11-18 18:23:29', '2019-11-18 18:23:49'),
(154, 14, 'ROCAFUERTE', 'Rocafuerte es una ciudadad de Ecuador, cabecera cantonal del homónimo cantón de Rocafuerte, en la parte occidental del territorio ecuatoriano. El 30 de septiembre de 1852 fue elevada a la categoría de cantón, con el nombre de Rocafuerte, según decreto legislativo suscrito en Guayaquil, cuando era presidente de la Asamblea Pedro Moncayo y jefe supremo, José María Urbina. En la ciudad se encuentran las principales instituciones y organizaciones del cabildo de Rocafuerte. Tiene una superficie de 280.4 Km2 y es un territorio próspero donde se realiza la elaboración de los mejores dulces que tiene la provincia de Manabí, donde se preparan más de 300 variedades. La fama de los dulces es legendaria y su sabor inconfundible. Los alfajores, bocadillos, dulce de higo, de guineo, camote, rompope y otras delicias han salvado fronteras, esto a través de los ecuatorianos en el exterior.', 33469, 280, 0.916666667, 80.46666667, '2019-11-18 18:23:29', '2019-11-18 18:23:49'),
(155, 14, 'SAN VICENTE', 'San Vicente es el cantón más joven de la Provincia de Manabí, creado como tal el 16 de noviembre de 1999, tras largas gestiones de los ciudadanos. Posee 2 parroquias: San Vicente, la cabecera cantonal como parroquia urbana y Canoa, como parroquia rural. Esta última es uno de los lugares preferidos de los turistas nacionales y extranjeros, debido a sus hermosas playas y sitios para visitar.', 22025, 718, 0.589166667, 80.40888889, '2019-11-18 18:23:29', '2019-11-18 18:23:49'),
(156, 14, 'SANTA ANA', 'Santa Ana es un cantón de la provincia de Manabí en Ecuador, tiene una población de 47.385 habitantes.1 Su alcalde actual para el período 2009 - 2014 es Ramón Cedeño. Su cabecera cantonal es la ciudad de Santa Ana de Vuelta Larga.', 47385, 1022, 1.206944444, 80.37083333, '2019-11-18 18:23:29', '2019-11-18 18:23:49'),
(157, 14, 'SUCRE', 'Sucre es un cantón de la provincia de Manabí en Ecuador, tiene una población de 57.159 habitantes.1 Su cabecera cantonal es la ciudad de Bahía de Caráquez. El alcalde actual para el período 2009 - 2014 es Carlos Mendoza Rodríguez.', 57159, 764, 0.6, 80.41666667, '2019-11-18 18:23:29', '2019-11-18 18:23:49'),
(158, 14, 'TOSAGUA', 'Tosagua es una ciudad de Ecuador, a orillas del río Carrizal, cabecera cantonal del cantón homónimo de Tosagua, situado al noroeste de la Provincia de Manabí. Su nombre se debe a la tribu nativa llamada Los Tosahuas. Fue fundada como cantón el 25 de enero de 1984 tras su aprobación por el Congreso Nacional y el presidente de la república Osvaldo Hurtado Larrea.', 38341, 377, 0.783333333, 80.26666667, '2019-11-18 18:23:29', '2019-11-18 18:23:49'),
(159, 15, 'GUALAQUIZA', 'Lugar turístico ya que es rico en flora y fauna, abundante en naturaleza, encanto en cada parte y belleza arquitéctonica, calles adoquinadas originales de 1953, con una gastronomía típica del lugar, lugares turísticos tales como bomboiza, lugar de shuaras y artesanías autóctonas de la misma cultura ancestral, balnearios naturales como el ideal, entre otros de suma importancia del cantón, es comercial y una fuente de capitalización es el turismo y sus artesanías, ayudados por el comercio.', 17162, 2203, 3.383333333, 78.58333333, '2019-11-18 18:23:29', '2019-11-18 18:23:49'),
(160, 15, 'HUAMBOYA', 'Huamboya es un cantón de la provincia de Morona Santiago en Ecuador, tiene una población de 8.466 habitantes.1 Su cabecera cantonal es la ciudad de Huamboya. El centro cantonal se halla a una altitud de 1047msnm. Como parte de la amazonía ecuatoriana tiene un clima tropical y lluvioso casi todo el año. La alcaldesa actual es la Ing. Dominga Isabel Huambaquete Ambusha. Su fecha de cantonización es el 2 de enero de 1992.', 8466, 653, 1.785, 78.23194444, '2019-11-18 18:23:29', '2019-11-18 18:23:49'),
(161, 15, 'LIMON INDIANZA', 'Se encuentra al sureste del territorio de la república del Ecuador y limita al norte con el cantón Santiago, al sur con el cantón San Juan Bosco, al este con el cantón Santiago y la República del Perú y al oeste con la provincia del Azuay, exactamente con elcantón Gualaceo de esa provincia. Se encuentra establecida a una altitud de entre 1.014 a 1.400 metros sobre el nivel del mar, aunque su cabecera cantonal se encuentra situada a una altitud de 1100 metros, su clima es templado y húmedo, manteniendo una temperatura promedio de 18 a 22 grados centígrados.', 9722, 2101, 2.95, 57.46666667, '2019-11-18 18:23:29', '2019-11-18 18:23:49'),
(162, 15, 'LOGROÑO', 'Logroño es un cantón de la provincia de Morona Santiago en Ecuador, tiene una población de 5.723 habitantes.1 Su cabecera cantonal es la ciudad de Logroño. Su alcalde para el período 2009-2014 es el Prof. Galo Utitiaj. Su fecha de cantonización es el 22 de enero de 1997.', 5723, 1218, 2.628333333, 78.20138889, '2019-11-18 18:23:29', '2019-11-18 18:23:49'),
(163, 15, 'MORONA', 'Morona es un cantón de la provincia de Morona Santiago en Ecuador, tiene una población de 41.155 habitantes.1 Su cabecera cantonal es la ciudad de Macas. Dentro del cantón se encuentra parte del Parque nacional Sangay.', 41155, 5095, 2.304444444, 78.1175, '2019-11-18 18:23:29', '2019-11-18 18:23:49'),
(164, 15, 'PABLO VI', 'Pablo Sexto es un cantón de la provincia de Morona Santiago en Ecuador, tiene una población de 1.823 habitantes.1 Su cabecera cantonal es la ciudad de Pablo Sexto. Dentro del cantón se encuentra parte del Parque nacional Sangay. Su fecha de cantonización fue el 24 de octubre de 2001. Dentro del cantón se encuentra la cima del volcán Sangay a una altitud de 5280msnm. La alcaldesa actual es la Sra. Yajaira Elizabeth Ramón Rodas.', 1823, 1371, 1.928333333, 78.02722222, '2019-11-18 18:23:29', '2019-11-18 18:23:49'),
(165, 15, 'PALORA', 'Palora es un cantón de la provincia de Morona Santiago en Ecuador, tiene una población de 6.936 habitantes.1 Su cabecera cantonal es la ciudad de Palora.', 6936, 1436, 1.700555556, 77.96583333, '2019-11-18 18:23:29', '2019-11-18 18:23:49'),
(166, 15, 'SAN JUAN BOSCO', 'San Juan Bosco es una localidad en la provincia de Morona Santiago, cabecera del cantón homónimo.', 3908, 1138, 0, 0, '2019-11-18 18:23:29', '2019-11-18 18:23:49'),
(167, 15, 'SANTIAGO', 'El cantón Santiago de Méndez, más conocido como “Méndez “, es el nombre de su cabecera cantonal; se ubica en la región oriente de la provincia de Morona Santiago.', 9295, 1691, 2.716666667, 78.32222222, '2019-11-18 18:23:29', '2019-11-18 18:23:49'),
(168, 15, 'SUCUA', 'Sucúa es un cantón de la provincia de Morona Santiago en Ecuador, su cabecera cantonal es la ciudad de Sucúa, tiene una población de 18.318 habitantes.1 Su alcalde actual para el período 2009 - 2014 es Saúl Gilberto Cárdenas Riera.', 18318, 129815, 2.455833333, 78.1725, '2019-11-18 18:23:29', '2019-11-18 18:23:49'),
(169, 15, 'TAISHA', 'Taisha es un cantón de la provincia de Morona Santiago en Ecuador, tiene una población de 18.437 habitantes.1 Su cabecera cantonal es la ciudad de Taisha. Su fecha de cantonización es el 28 de junio de 1996. Su alcalde actual es el Sr. Payar Celestino Wisum Saant.', 18437, 6090, 2.383611111, 77.50638889, '2019-11-18 18:23:29', '2019-11-18 18:23:49'),
(170, 15, 'TIWINTZA', 'Tiwintza es uno de los doce cantones que forman la provincia de Morona Santiago, en Ecuador. Su cabecera cantonal es Santiago. Su población es de 6.995 habitantes,1 su alcalde actual para el período 2009 - 2014 es Bosco Unkuch Pujupat.', 6995, 816, 0, 0, '2019-11-18 18:23:29', '2019-11-18 18:23:49'),
(171, 16, 'ARCHIDONA', 'Archidona la Bella, o Archidona es una ciudad de Ecuador, también es la cabecera cantonal del cantón Archidona. Está ubicada sobre el valle del río Misahuallí, a una altitud de 577 msnm., en la Región Amazónica del Ecuador. Archidona tiene 5478 habitantes. La ciudad es el segundo centro político de la provincia.', 24969, 3029, 0.916666667, 77.78333333, '2019-11-18 18:23:29', '2019-11-18 18:23:49'),
(172, 16, 'CARLOS JULIO AROSEMENA', 'El Cantón Carlos Julio Arosemena Tola es una municipalidad de la provincia de Napo. Su cabecera cantonal es la ciudad de Carlos Julio Arosemena Tola. Su población es de 3.664 habitantes,1 tiene una superficie de 501km2.2 Su alcalde actual para el período 2014 - 2019 es Luis Rodrigo Caiza', 3664, 501, 1.166666667, 77.85, '2019-11-18 18:23:29', '2019-11-18 18:23:49'),
(173, 16, 'EL CHACO', 'El Chaco (Ecuador) es un cantón de la provincia del Napo, ubicado al norte de esta provincia. Su cabecera cantonal es la ciudad de El Chaco. Su población es de 7.960 habitantes,1 tiene una superficie de 3.473km2.2 Su alcalde actual para el período 2014 - 2019 es el Ing. Duval García.', 7960, 3473, 0.340277778, 77.80888889, '2019-11-18 18:23:29', '2019-11-18 18:23:49'),
(174, 16, 'QUIJOS', 'El Cantón Quijos es una municipalidad de la provincia de Napo. Su cabecera cantonal es la ciudad de Baeza. Su población es de 6.224 habitantes,1 tiene una superficie de 1.557km2.2 Su alcalde actual para el período 2014 - 2019 es Javier Vinueza.', 6224, 1577, 0.463611111, 77.89277778, '2019-11-18 18:23:29', '2019-11-18 18:23:49'),
(175, 16, 'TENA', 'San Juan de los dos ríos de Tena, o simplemente Tena es una ciudad de Ecuador, capital de la Región Centro Norte (Ecuador) y provincia de Napo. Además, es la cabecera cantonal del cantón Tena. Está ubicada en la zona sur de la provincia sobre el valle del río Misahuallí a una altitud de 510 msnm., en la Región Amazónica del Ecuador. Posee un clima cálido-húmedo con temperatura promedio de 25 Grado Celsius y humedad del 90 al 100 %. Tena tiene 23.307 habitantes; la ciudad está dividida en decenas de barrios. Es el centro político de la provincia, alberga los principales organismos gubernamentales, culturales y comerciales.', 60880, 3904, 0.988888889, 77.81583333, '2019-11-18 18:23:29', '2019-11-18 18:23:49'),
(176, 17, 'AGUARICO', 'El cantón posee atractivos turísticos, debido a la importante presencia de la naturaleza. De hecho dentro de Aguarico se encuentra parte de la Reserva Natural Cuyabeno y del Parque Nacional Yasuní.', 4847, 11358, 0.921111111, 75.39916667, '2019-11-18 18:23:29', '2019-11-18 18:23:49'),
(177, 17, 'LA JOYA DE LOS SACHAS', 'Joya de los Sachas, cantón localizado en la provincia de Orellana, en el Oriente Ecuatoriano, su cabecera cantonal es la Joya de los Sachas, también conocida como Sacha o Sacha 7, es conocida así debido a la presencia de la estación petrolera Sacha 7. Sacha en idioma nativo significa selva o selva virgen. La Joya de los Sachas es la segunda ciudad más grande de la provincia de Orellana, por lo tanto la principal arteria del cantón.', 37591, 6995, 0.3, 76.85, '2019-11-18 18:23:29', '2019-11-18 18:23:49'),
(178, 17, 'LORETO', 'El cantón de Loreto se encuentra ubicado en la provincia de Orellana al noroeste de la capital de Ecuador, su capital es la ciudad homónima y forma parte de la cuenca del río Napo. Se ubica en latitud Sur º44  y longitud 77º27  en un rango altitudinal que va de los 320 a 3732 msnm, en la cumbre del Volcán Sumaco.', 21163, 1195, 0.690277778, 77.30833333, '2019-11-18 18:23:29', '2019-11-18 18:23:49'),
(179, 17, 'ORELLANA', 'El cantón Francisco de Orellana es una entidad territorial subnacional ecuatoriana, de la Provincia de Orellana. Su cabecera cantonal es la ciudad de Puerto Francisco de Orellana (también conocida como El Coca), lugar donde se agrupa gran parte de su población total.', 72795, 2127, 0.466666667, 76.96666667, '2019-11-18 18:23:29', '2019-11-18 18:23:49'),
(180, 18, 'ARANJUNO', 'El Cantón Arajuno es una municipalidad de la provincia de Pastaza. Su cabecera cantonal es la ciudad de Arajuno. Su población es de 6.491 habitantes,1 tiene una superficie de 8.767km2.2 Su alcalde actual para el período 2009 - 2014 es Mario López.', 6491, 8767, 1.234166667, 77.6875, '2019-11-18 18:23:29', '2019-11-18 18:23:49'),
(181, 18, 'MERA', 'Mera es una ciudad ecuatoriana; es la cabecera cantonal del Cantón Mera. Se ubica en la Región Amazónica del Ecuador, en el occidente de la Provincia de Pastaza. Es una de las ciudades más pequeñas del Ecuador.', 11861, 520, 1.370833333, 78.01944444, '2019-11-18 18:23:29', '2019-11-18 18:23:49'),
(182, 18, 'PASTAZA', 'El cantón Pastaza es una entidad territorial subnacional ecuatoriana, de la Provincia de Pastaza. Su cabecera cantonal es la ciudad del Puyo, lugar donde se agrupa gran parte de su población total. Su población es de 62.016 habitantes,1 tiene una superficie de 19.727km2.2 Su alcalde actual para el período 2009 - 2014 es Germán Flores Mesa.', 62016, 19727, 1.066666667, 78.00111111, '2019-11-18 18:23:29', '2019-11-18 18:23:49'),
(183, 18, 'SANTA CLARA', 'El Cantón Santa Clara es una municipalidad de la provincia de Pastaza. Su cabecera cantonal es la ciudad de Santa Clara. Su población es de 3.565 habitantes,1 tiene una superficie de 311km2.2 Su alcalde actual para el período 2009 - 2014 es Víctor Hugo Verdesoto.', 3565, 311, 1.234166667, 77.6875, '2019-11-18 18:23:29', '2019-11-18 18:23:49'),
(184, 19, 'CAYAMBE', 'El cantón Cayambe es uno de los ocho cantones de la Provincia de Pichincha. Se ubica al noreste de ella y cuenta con una superficie de 1182 km². Está conformado por ocho parroquias, tres urbanas y cinco rurales. Cayambe es a su vez la cabecera cantonal. Su cabecera cantonal es la ciudad de Cayambe, lugar donde se agrupa gran parte de su población total.', 85795, 1189, 0.043888889, 78.15611111, '2019-11-18 18:23:29', '2019-11-18 18:23:49'),
(185, 19, 'MEJIA', 'El cantón Mejía es una entidad territorial subnacional ecuatoriana ubicada al sur de la Provincia de Pichincha. Su cabecera cantonal es la ciudad de Machachi, lugar donde se agrupa gran parte de su población total.', 81335, 1476, 0.51, 78.56972222, '2019-11-18 18:23:29', '2019-11-18 18:23:49'),
(186, 19, 'PEDRO MONCAYO', 'Pedro Moncayo. Uno de los 218 cantones que forman las entidades de tercer orden de de Ecuador. Está ubicado el norte de la provincia de Pichincha. Su cabecera cantonal y ciudad más grande es Tabacundo.', 33172, 332, 0.043611111, 78.34916667, '2019-11-18 18:23:29', '2019-11-18 18:23:49'),
(187, 19, 'PEDRO VICENTE MALDONADO', 'El cantón Pedro Vicente Maldonado es una entidad territorial subnacional ecuatoriana ubicada al noroeste de la Provincia de Pichincha. Su cabecera cantonal es la ciudad de Pedro Vicente Maldonado, lugar donde se agrupa gran parte de su población total. Es una zona dedicada a la agricultura, ganadería y turismo ecológico, rodeada de diversos ríos y riachuelos se convierte en un atractivo para turistas nacionales e internacionales. Existen 6 cascadas denominadas: las tinas, laguna azul, cascadas verdes, el salto del tigre, Tatalá, cascada del río achotillo.', 12924, 62, 0.166666667, 79, '2019-11-18 18:23:29', '2019-11-18 18:23:49'),
(188, 19, 'PUERTO QUITO', 'El cantón Puerto Quito es una entidad territorial subnacional ecuatoriana ubicada al noroccidente de la Provincia de Pichincha. Su cabecera cantonal es la ciudad de Puerto Quito, lugar donde se agrupa gran parte de su población total. Cuenta con atractivos destinos turísticos. Es el único cantón que no tiene frontera con el Distrito Metropolitano de Quito.', 20445, 683, 0.116944444, 79.26388889, '2019-11-18 18:23:29', '2019-11-18 18:23:49'),
(189, 19, 'QUITO', 'El Distrito Metropolitano de Quito es un Distrito Metropolitano de la provincia de Pichincha en el norte de Ecuador. Es la jurisdicción formada sobre la base del Municipio de la capital de la República, fundada en 1534, la ciudad de San Francisco de Quito y sus localidades cercanas, que forman una importante conurbación, sede del poder político nacional. El Distrito Metropolitano de Quito se divide en 8 administraciones zonales, las cuales contienen a 32 parroquias urbanas y 33 parroquias rurales y suburbanas. Las parroquias urbanas están divididas en barrios.', 2239191, 4183, 0.216666667, 78.5, '2019-11-18 18:23:29', '2019-11-18 18:23:49'),
(190, 19, 'RUMIÑAHUI', 'Rumiñahui es un cantón ecuatoriano, situado en la provincia de Pichincha. En este cantón se encuentra una gran parte de ElValle de Los Chillos, su capital es la ciudad de Sangolquí.', 85852, 139, 0.334444444, 78.4475, '2019-11-18 18:23:29', '2019-11-18 18:23:49'),
(191, 19, 'SAN MIGUEL DE LOS BANCOS', 'San Miguel de Los Bancos es un cantón en la provincia ecuatoriana de Pichincha ubicado a 94 kilómetros de la ciudad deQuito.', 17573, 839, 0.023055556, 78.89194444, '2019-11-18 18:23:29', '2019-11-18 18:23:49'),
(192, 20, 'LIBERTAD', 'La Libertad es una ciudad ecuatoriana, de la Provincia de Santa Elena. Con una población de 95 942 habitantes (en 2010), es la ciudad más poblada de Santa Elena. Se ubica en el litoral ecuatoriano, al occidente del país. Forma parte del conglomerado urbano de la puntilla de Santa Elena, junto con Salinas, Santa Elena, José Luis Tamayo y Ballenita.', 95942, 26, 2.233333333, 80.9, '2019-11-18 18:23:29', '2019-11-18 18:23:49'),
(193, 20, 'SALINAS', 'El cantón Salinas es una entidad territorial subnacional ecuatoriana, de la Provincia de Santa Elena. Se ubica al sur de laRegión Costa. Su cabecera cantonal es la ciudad de Salinas, lugar donde se agrupa gran parte de su población total; es el principal balneario de la provincia y uno de los más populares del país.', 68675, 97, 2.216666667, 80.95, '2019-11-18 18:23:29', '2019-11-18 18:23:49'),
(194, 20, 'SANTA ELENA', 'El cantón Santa Elena es una entidad territorial subnacional ecuatoriana, de la Provincia de Santa Elena. Su cabecera cantonal es la ciudad de Santa Elena, lugar donde se agrupa gran parte de su población total.', 144076, 3880, 2.226666667, 80.85833333, '2019-11-18 18:23:29', '2019-11-18 18:23:49'),
(195, 21, 'SANTO DOMINGO DE LOS COLORADOS', 'La Provincia de Santo Domingo de los Tsáchilas es una de las provincias de la República del Ecuador y forma parte de laRegión Costa, históricamente conocida como Provincia de Yumbos. Su territorio está en zona de trópico húmedo. La provincia toma su nombre de los Tsáchilas, etnia ancestral de la zona. Su capital es la ciudad de Santo Domingo también conocida como  Santo Domingo de los Colorados  por la costumbre de los indígenas Tsáchila de pintarse el pelo de rojo con achiote.', 368013, 3860, 0.333333333, 79.25, '2019-11-18 18:23:29', '2019-11-18 18:23:49'),
(196, 22, 'CASCALES', 'El Cantón Cascales es una municipalidad de la provincia de Sucumbíos. Su cabecera cantonal es la ciudad de El Dorado de Cascales. Su población es de 11.104 habitantes,1 tiene una superficie de 1.248km2.2 Su alcalde actual para el período 2009 - 2014 es Enrique García Meneses. La fecha de cantonización fue el 2 de agosto de 1990.3', 11104, 1248, 0.0675, 77.21694444, '2019-11-18 18:23:29', '2019-11-18 18:23:49'),
(197, 22, 'CUYABENO', 'El Cantón Cuyabeno es una municipalidad de la provincia de Sucumbíos. Su cabecera cantonal es la ciudad de Tarapoa. Su población es de 7.133 habitantes,1 tiene una superficie de 3.875km2.2 Su alcalde actual para el período 2009 - 2014 es Emilio Gaibor. Tiene un clima tropical húmedo por encontrarse en la Amazonía ecuatoriana.', 7133, 3875, 0.128888889, 76.41388889, '2019-11-18 18:23:29', '2019-11-18 18:23:49'),
(198, 22, 'GONZALO PIZARRO', 'El Cantón Gonzalo Pizarro es una municipalidad de la provincia de Sucumbíos. Su cabecera cantonal es la ciudad de Lumbaquí. Su población es de 8.599 habitantes,1 tiene una superficie de 2.223km2.2 Su alcalde actual para el período 2009 - 2014 es Manuel Ramírez. El volcán Reventador se encuentra dentro del cantón. Tiene un rango de altitud de 800 a 3.600 m.s.n.m, por lo que tiene una gran variedad de climas, desde el clima tropical hasta clima de páramo.', 8599, 2223, 0.046944444, 77.32277778, '2019-11-18 18:23:29', '2019-11-18 18:23:49'),
(199, 22, 'LAGO AGRIO', 'El cantón Lago Agrio es una entidad territorial subnacional ecuatoriana, de la Provincia de Sucumbíos. Su cabecera cantonales la ciudad de Nueva Loja, lugar donde se agrupa gran parte de su población total. Su población según el censo del 2010 es de 91.744 habitantes, de los cuales 46.966 son hombres y 44.778 mujeres.', 91744, 3139, 0.084722222, 76.88277778, '2019-11-18 18:23:29', '2019-11-18 18:23:49'),
(200, 22, 'PUTUMAYO', 'El Cantón Putumayo es una municipalidad de la provincia de Sucumbíos. Su cabecera cantonal es la ciudad de Puerto El Carmen de Putumayo. Su población es de 10.174 habitantes,1 tiene una superficie de 3.559km2.2 Su alcaldesa para el período 2014 - 2019 es Genny Ron Bustos. La fecha de cantonización fue el 30 de abril de 1969, de la provincia de Napo y desde 1989 de la provincia recién creada de Sucumbíos.3', 10174, 3559, 0.1, 75.85, '2019-11-18 18:23:29', '2019-11-18 18:23:49'),
(201, 22, 'SHUSHUFINDI', 'El Cantón Shushufindi es una municipalidad de la provincia de Sucumbíos. Su cabecera cantonal es la ciudad de Shushufindi. Su población es de 44.328 habitantes,1 tiene una superficie de 2.463km2.2 Su alcalde actual para el período 2009 - 2014 es Augusto Espinoza Lema. La fecha de cantonización fue el 7 de agosto de 1984, de la provincia de Napo y desde 1989 de la provincia recién creada de Sucumbíos.3', 44328, 2463, 0.187222222, 76.645, '2019-11-18 18:23:29', '2019-11-18 18:23:49'),
(202, 22, 'SUCUMBIOS', 'Sucumbíos es una provincia del nor-oriente del Ecuador. Su capital es Nueva Loja. Es una de las principales provincias que proveen al Estado ecuatoriano del petróleo que necesita para las exportaciones. Se caracteriza por sus bellos paisajes amazónicos, entre ellos el río Aguarico.', 3390, 1502, 0.083333333, 76.88333333, '2019-11-18 18:23:29', '2019-11-18 18:23:49'),
(203, 23, 'AMBATO', 'El cantón Ambato es una entidad territorial subnacional ecuatoriana, de la Provincia de Tungurahua. Su cabecera cantonales la ciudad de Ambato, lugar donde se agrupa gran parte de su población total.', 329856, 1009, 1.241666667, 78.61972222, '2019-11-18 18:23:29', '2019-11-18 18:23:49'),
(204, 23, 'BAÑOS', 'Baños de Agua Santa o simplemente Baños es una ciudad ecuatoriana, de la Provincia de Tungurahua. Es un centro turístico de importancia del país, se encuentra a unos 45 minutos de Ambato . Es la cabecera cantonal del cantón Bañosy tiene una población de 12.995 personas. La actividad económica más importante del cantón es el turismo receptivo. La WWF le dio el nominativo a Baños de  Un Regalo para la Tierra ', 20018, 1065, 1.396388889, 78.42472222, '2019-11-18 18:23:29', '2019-11-18 18:23:49'),
(205, 23, 'CEVALLOS', 'El cantón Cevallos está ubicado en el sector centro-sur de la Provincia de Tungurahua y al sur-oriente de la ciudad de Ambato. El nombre del cantón es en homenaje al historiador ambateño Don Pedro Fermín Cevallos.', 8163, 19, 1.35, 78.61666667, '2019-11-18 18:23:29', '2019-11-18 18:23:49'),
(206, 23, 'MOCHA', 'Mocha se deriva de la palabra Mochica “Mochoe” cuyo significado es adoratorio, se cree que este nombre se debe al Monasterio de las Vírgenes del Sol que existió en la cima del cerro Puñalica, al llegar los Incas a esta zona del país decidieron kichuizar el nombre haciendo referencia a la palabra Mucha que dentro del idioma Kichua significa beso, con el pasar del tiempo y con la mezcla entre el español y el kichua se nombró a esta tierra como Mocha.', 6777, 86, 1.416666667, 78.66666667, '2019-11-18 18:23:29', '2019-11-18 18:23:49'),
(207, 23, 'PATATE', 'El Cantón Patate es una municipalidad de la provincia de Tungurahua. Su población es de 6.720 habitantes,1 tiene una superficie de 315km2.2 El Volcán Tungurahua se encuentra dentro del cantón. Su cabecera cantonal es la ciudad de Patate.', 13497, 315, 1.316666667, 78.51666667, '2019-11-18 18:23:29', '2019-11-18 18:23:49'),
(208, 23, 'QUERO', 'El Cantón Quero es una municipalidad de la provincia de Tungurahua. Su cabecera cantonal es la ciudad de Santiago de Quero. Su población es de 19.205 habitantes,1 tiene una superficie de 173km2.2 Su alcalde actual para el período 2009 - 2014 es Raúl Gavilanes Silva.', 19205, 202, 1.379444444, 78.60694444, '2019-11-18 18:23:29', '2019-11-18 18:23:49'),
(209, 23, 'SAN PEDRO DE PELILEO', 'San Pedro de Pelileo, o simplemente Pelileo, es una ciudad ecuatoriana, localizada en el centro de la Región Interandina de Ecuador. Es la capital del cantón Pelileo (56.573 habitantes según el Censo de 2010), y forma parte de laProvincia del Tungurahua.', 56573, 443, 1.330555556, 78.54277778, '2019-11-18 18:23:29', '2019-11-18 18:23:49'),
(210, 23, 'SANTIAGO DE PILLARO', 'Píllaro (Santiago de Píllaro) es una localidad del centro de Ecuador, al norte de la provincia de Tungurahua. Es la cabecera del cantón Píllaro. Está localizada cerca de la ciudad de Ambato, con la que está conectada por carreteras secundarias.', 38357, 173, 1.166666667, 78.53333333, '2019-11-18 18:23:29', '2019-11-18 18:23:49'),
(211, 23, 'TISALEO', 'El Cantón Tisaleo es una municipalidad de la provincia de Tungurahua. Su población es de 12.137 habitantes,1 tiene una superficie de 59km2.2 Su alcalde actual para el período 2009 - 2014 es Rodrigo Garcés.', 12137, 60, 1.35, 78.66666667, '2019-11-18 18:23:29', '2019-11-18 18:23:49'),
(212, 24, 'CENTINELA DEL CONDOR', 'El cantón Centinela del Cóndor, es un cantón en la provincia de Zamora Chinchipe, Ecuador. El origen de su nombre se debe por ser una de la entradas hacia la Cordillera del Cóndor, atravesando Paquisha.', 6479, 519, 3.895, 78.78138889, '2019-11-18 18:23:29', '2019-11-18 18:23:49'),
(213, 24, 'CHINCHIPE', 'Es el más antiguo de los cantones de Zamora Chinchipe y posee una cultura única que está en proceso de desaparición. A sus habitantes se los conoce cariñosamente comocharapanos.', 9119, 1194, 4.862777778, 79.13277778, '2019-11-18 18:23:29', '2019-11-18 18:23:49'),
(214, 24, 'EL PANGUI', 'El cantón El Pangui, es un cantón en la provincia de Zamora Chinchipe, Ecuador. Tuvo origen en la gran tribu del pueblo Shuar que habitaron donde hoy se constituye la ciudad de El Pangui. El nombre del cantón El Pangui proviene de la terminología Shuar “PANKI” que significa boa o lugar de las boas, estos animales vivían en el inmenso remolino ubicado en las faldas del río Zamora.', 8619, 614, 3.625, 78.58722222, '2019-11-18 18:23:29', '2019-11-18 18:23:49'),
(215, 24, 'NANGARITZA', 'Nangaritza, es un cantón en la provincia de Zamora Chinchipe. El origen de su nombre se debe a la presencia del majestuosorío Nangaritza, que atraviesa el cantón de sur a norte. Se encuentra rodeado por los cantones Paquisha, Centinela del Cóndor,Zamora y Palanda. Al este limíta con el departamento de Amazonas, Perú, por medio de la Cordillera del Cóndor.', 5196, 2096, 4.048333333, 78.68222222, '2019-11-18 18:23:29', '2019-11-18 18:23:49'),
(216, 24, 'PALANDA', 'El cantón Palanda, es un cantón en la provincia de Zamora Chinchipe, Ecuador. El origen de su nombre se debe a su cabecera cantonal. Se encuentra rodeado por los cantones Zamora, Nangaritza y Chinchipe. Limita al este con el Departamento de Cajamarca, Perú y al oeste con la provincia de Loja.', 8089, 1925, 4.649722222, 79.13222222, '2019-11-18 18:23:29', '2019-11-18 18:23:49'),
(217, 24, 'PAQUISHA', 'El cantón Paquisha, es un cantón en la provincia de Zamora Chinchipe, Ecuador. El origen de su nombre se debe a la presencia de su cabecera cantonal. Se encuentra rodeado por los cantones Yantzaza, Centinela del Cóndor, Nangaritza y al este limita con el Departamento de Amazonas, Perú, por medio de la Cordillera del Cóndor.', 3854, 261, 3.932777778, 78.67416667, '2019-11-18 18:23:29', '2019-11-18 18:23:49'),
(218, 24, 'YACUAMBI', 'El cantón Yacuambi, es un cantón en la provincia de Zamora Chinchipe, Ecuador. El origen de su nombre lo debe a la presencia del río Yacuambi, el cual lo atraviesa de norte a sur.', 5835, 1242, 3.634444444, 78.92805556, '2019-11-18 18:23:29', '2019-11-18 18:23:49'),
(219, 24, 'YANTZAZA', 'El cantón Yantzaza, es un cantón más bellos situado en la provincia de Zamora Chinchipe, Ecuador. El origen de su nombre se debe a la presencia del Valle de Yantzaza y a su cabecera cantonal. Al igual que Zamora, limita con la mayoría de cantones restantes a excepción de Chinchipe, Palanda y Nangaritza. Al norte limita con la provincia del Azuay; y al este con elDepartamento de Amazonas, Perú por medio de la Cordillera del Cóndor conocido también como el gran valle de las luciérnagas.', 18675, 990, 3.85, 78.75, '2019-11-18 18:23:29', '2019-11-18 18:23:49'),
(220, 24, 'ZAMORA', 'El cantón Zamora, es un cantón en la provincia de Zamora Chinchipe, Ecuador. El origen de su nombre se debe a la presencia de la ciudad y cabecera cantonal de Zamora. Se encuentra rodeado por la mayoría de los cantones restantes, con excepción deChinchipe, El Pangui y Paquisha. Al oeste limíta con la provincia de Loja.', 25510, 1876, 4.116666667, 78.8, '2019-11-18 18:23:29', '2019-11-18 18:23:49');


INSERT INTO `parroquias` (`id`, `parroquia`, `zona`, `estado`, `created_at`, `updated_at`, `canton_id`) VALUES
(1, 'MANTA', 'URBANA', 'ACT', '2019-05-23 22:08:37', '2019-05-23 22:08:37', 146),
(2, 'ELOY ALFARO', 'URBANA', 'ACT', '2019-05-23 22:08:47', '2019-05-23 22:08:47', 146),
(3, 'LOS ESTEROS', 'URBANA', 'ACT', '2019-05-23 22:08:57', '2019-05-23 22:08:57', 146),
(4, 'TARQUI', 'URBANA', 'ACT', '2019-05-23 22:09:11', '2019-05-23 22:09:11', 146),
(5, 'SANTA MARIANITA', 'RURAL', 'ACT', '2019-05-23 22:09:57', '2019-05-23 22:09:57', 146),
(6, 'SAN LORENZO', 'RURAL', 'ACT', '2019-05-23 22:10:06', '2019-05-23 22:10:06', 146),
(7, 'SAN MATEO', 'URBANA', 'ACT', '2019-05-25 18:26:16', '2019-05-25 18:26:16', 146),
(8, 'OTROS CANTONES', 'NO ESPECIFICADO', 'ACT', NULL, NULL, 146),
(9, 'EXPANSIÓN URBANA', 'URBANA', 'ACT', '2019-08-26 19:52:06', '2019-08-26 19:52:06', 146);


INSERT INTO `barrios` (`id`, `id_parroquia`, `barrio`, `estado`, `created_at`, `updated_at`) VALUES
(1, 1, 'EL  MEDITERRANEO', 'ACT', '2019-05-25 23:22:28', '2019-05-25 23:22:28'),
(2, 1, 'JESUS DE NAZARETH', 'ACT', '2019-05-25 23:22:28', '2019-05-25 23:22:28'),
(3, 1, 'MANTA 2000', 'ACT', '2019-05-25 23:22:28', '2019-05-25 23:22:28'),
(4, 1, 'LOS  ELECTRICOS', 'ACT', '2019-05-25 23:22:28', '2019-05-25 23:22:28'),
(5, 1, 'BUENA VISTA', 'ACT', '2019-05-25 23:22:28', '2019-05-25 23:22:28'),
(6, 1, 'LAS ACACIAS', 'ACT', '2019-05-25 23:22:28', '2019-05-25 23:22:28'),
(7, 1, 'NAVALES', 'ACT', '2019-05-25 23:22:28', '2019-05-25 23:22:28'),
(8, 1, 'SANTA FE', 'ACT', '2019-05-25 23:22:28', '2019-05-25 23:22:28'),
(9, 1, '5 DE JUNIO', 'ACT', '2019-05-25 23:22:28', '2019-05-25 23:22:28'),
(10, 1, 'SANTA MARTHA', 'ACT', '2019-05-25 23:22:28', '2019-05-25 23:22:28'),
(11, 1, 'JACOB VERA', 'ACT', '2019-05-25 23:22:28', '2019-05-25 23:22:28'),
(12, 1, 'ABDON CALDERON', 'ACT', '2019-05-25 23:22:28', '2019-05-25 23:22:28'),
(13, 1, '24 DE MAYO', 'ACT', '2019-05-25 23:22:28', '2019-05-25 23:22:28'),
(14, 1, 'SAN CARLOS', 'ACT', '2019-05-25 23:22:28', '2019-05-25 23:22:28'),
(15, 1, 'SANTA MARIANITA', 'ACT', '2019-05-25 23:22:28', '2019-05-25 23:22:28'),
(16, 1, 'SAN JUAN CENTRO', 'ACT', '2019-05-25 23:22:28', '2019-05-25 23:22:28'),
(17, 1, 'VALLE CLARO', 'ACT', '2019-05-25 23:22:28', '2019-05-25 23:22:28'),
(18, 1, 'SAN JOSE', 'ACT', '2019-05-25 23:22:28', '2019-05-25 23:22:28'),
(19, 1, 'SAN ROQUE', 'ACT', '2019-05-25 23:22:28', '2019-05-25 23:22:28'),
(20, 1, 'URB. ALTOS DE MANTA BEACH', 'ACT', '2019-05-25 23:22:28', '2019-05-25 23:22:28'),
(21, 1, 'URB. MANTA BEACH', 'ACT', '2019-05-25 23:22:28', '2019-05-25 23:22:28'),
(22, 1, 'URB. LOS ALAMOS', 'ACT', '2019-05-25 23:22:28', '2019-05-25 23:22:28'),
(23, 1, 'URB. VILLA REAL', 'ACT', '2019-05-25 23:22:28', '2019-05-25 23:22:28'),
(24, 1, 'URB. CIUDAD DEL SOL', 'ACT', '2019-05-25 23:22:28', '2019-05-25 23:22:28'),
(25, 1, 'URB. VILLAVENTURA', 'ACT', '2019-05-25 23:22:28', '2019-05-25 23:22:28'),
(26, 1, 'URB. MANTA AZÚL', 'ACT', '2019-05-25 23:22:28', '2019-05-25 23:22:28'),
(27, 1, 'URB. CONDOMINIO BARBASQUILLO', 'ACT', '2019-05-25 23:22:28', '2019-05-25 23:22:28'),
(28, 1, 'URB. MAR AZUL', 'ACT', '2019-05-25 23:22:28', '2019-05-25 23:22:28'),
(29, 1, 'URB. PORTAL DEL SOL ', 'ACT', '2019-05-25 23:22:28', '2019-05-25 23:22:28'),
(30, 4, 'CENEPA', 'ACT', '2019-05-25 23:22:28', '2019-05-25 23:22:28'),
(31, 4, 'RUMIÑAHUI', 'ACT', '2019-05-25 23:22:28', '2019-05-25 23:22:28'),
(32, 4, 'ROSARIO DE TARQUI', 'ACT', '2019-05-25 23:22:28', '2019-05-25 23:22:28'),
(33, 4, '12 DE OCTUBRE', 'ACT', '2019-05-25 23:22:28', '2019-05-25 23:22:28'),
(34, 4, 'LA POCHITA', 'ACT', '2019-05-25 23:22:28', '2019-05-25 23:22:28'),
(35, 4, '1 DE MAYO', 'ACT', '2019-05-25 23:22:28', '2019-05-25 23:22:28'),
(36, 4, 'URSA', 'ACT', '2019-05-25 23:22:28', '2019-05-25 23:22:28'),
(37, 4, 'LA REYNA', 'ACT', '2019-05-25 23:22:28', '2019-05-25 23:22:28'),
(38, 4, 'BUENOS AIRES', 'ACT', '2019-05-25 23:22:28', '2019-05-25 23:22:28'),
(39, 4, '9 DE OCTUBRE', 'ACT', '2019-05-25 23:22:28', '2019-05-25 23:22:28'),
(40, 4, 'SAN JOSE', 'ACT', '2019-05-25 23:22:28', '2019-05-25 23:22:28'),
(41, 4, 'LA VICTORIA', 'ACT', '2019-05-25 23:22:28', '2019-05-25 23:22:28'),
(42, 4, 'COLINAS DE ROCAFUERTE', 'ACT', '2019-05-25 23:22:28', '2019-05-25 23:22:28'),
(43, 4, 'CRISTO REY', 'ACT', '2019-05-25 23:22:28', '2019-05-25 23:22:28'),
(44, 4, 'VILLAS DEL SEGURO', 'ACT', '2019-05-25 23:22:28', '2019-05-25 23:22:28'),
(45, 4, 'MIRAFLORES', 'ACT', '2019-05-25 23:22:28', '2019-05-25 23:22:28'),
(46, 4, 'JOCAY', 'ACT', '2019-05-25 23:22:28', '2019-05-25 23:22:28'),
(47, 4, 'OSWALDO ALVAREZ', 'ACT', '2019-05-25 23:22:28', '2019-05-25 23:22:28'),
(48, 4, 'LA PAZ', 'ACT', '2019-05-25 23:22:28', '2019-05-25 23:22:28'),
(49, 4, '4 DE NOVIEMBRE', 'ACT', '2019-05-25 23:22:28', '2019-05-25 23:22:28'),
(50, 4, 'RIVERAS DEL RIO', 'ACT', '2019-05-25 23:22:28', '2019-05-25 23:22:28'),
(51, 4, 'BELLAVISTA', 'ACT', '2019-05-25 23:22:28', '2019-05-25 23:22:28'),
(52, 4, 'COLINAS DEL JOCAY', 'ACT', '2019-05-25 23:22:28', '2019-05-25 23:22:28'),
(53, 4, '24 DE MAYO', 'ACT', '2019-05-25 23:22:28', '2019-05-25 23:22:28'),
(54, 4, 'CARMELITA', 'ACT', '2019-05-25 23:22:28', '2019-05-25 23:22:28'),
(55, 4, '24 DE SEPTIEMBRE', 'ACT', '2019-05-25 23:22:28', '2019-05-25 23:22:28'),
(56, 4, '10 DE NOVIEMBRE', 'ACT', '2019-05-25 23:22:28', '2019-05-25 23:22:28'),
(57, 4, 'BELLAVISTA #2', 'ACT', '2019-05-25 23:22:28', '2019-05-25 23:22:28'),
(58, 4, '5 DE AGOSTO', 'ACT', '2019-05-25 23:22:28', '2019-05-25 23:22:28'),
(59, 4, 'PORVENIR', 'ACT', '2019-05-25 23:22:28', '2019-05-25 23:22:28'),
(60, 4, 'SAN VALENTIN', 'ACT', '2019-05-25 23:22:28', '2019-05-25 23:22:28'),
(61, 4, 'M. AUXILIADORA #1 BAJO', 'ACT', '2019-05-25 23:22:28', '2019-05-25 23:22:28'),
(62, 4, 'M. AUXILIADORA #1', 'ACT', '2019-05-25 23:22:28', '2019-05-25 23:22:28'),
(63, 4, 'SAN PEDRO', 'ACT', '2019-05-25 23:22:28', '2019-05-25 23:22:28'),
(64, 4, 'LOMAS DEL PORVENIR', 'ACT', '2019-05-25 23:22:28', '2019-05-25 23:22:28'),
(65, 4, 'SAN ANTONIO', 'ACT', '2019-05-25 23:22:28', '2019-05-25 23:22:28'),
(66, 4, 'CIRCUNVALACIÓN', 'ACT', '2019-05-25 23:22:28', '2019-05-25 23:22:28'),
(67, 4, '20 DE MAYO', 'ACT', '2019-05-25 23:22:28', '2019-05-25 23:22:28'),
(68, 4, 'PORVENIR ALTO', 'ACT', '2019-05-25 23:22:28', '2019-05-25 23:22:28'),
(69, 4, 'CALIFORNIA', 'ACT', '2019-05-25 23:22:28', '2019-05-25 23:22:28'),
(70, 4, 'LAS CUMBRES', 'ACT', '2019-05-25 23:22:28', '2019-05-25 23:22:28'),
(71, 4, '15 DE SEPTIEMBRE', 'ACT', '2019-05-25 23:22:28', '2019-05-25 23:22:28'),
(72, 4, 'NUEVA COMUNIDAD RIO MANTA', 'ACT', '2019-05-25 23:22:28', '2019-05-25 23:22:28'),
(73, 4, 'SAN ANTONIO #2', 'ACT', '2019-05-25 23:22:28', '2019-05-25 23:22:28'),
(74, 4, 'LAS CUMBRE #2', 'ACT', '2019-05-25 23:22:28', '2019-05-25 23:22:28'),
(75, 4, 'LOS GERANIOS', 'ACT', '2019-05-25 23:22:28', '2019-05-25 23:22:28'),
(76, 4, 'URBIRIOS', 'ACT', '2019-05-25 23:22:28', '2019-05-25 23:22:28'),
(77, 4, 'CRISTO DEL CONSUELO', 'ACT', '2019-05-25 23:22:28', '2019-05-25 23:22:28'),
(78, 4, 'SAN FRANCISCO', 'ACT', '2019-05-25 23:22:28', '2019-05-25 23:22:28'),
(79, 4, 'PALO SANTO', 'ACT', '2019-05-25 23:22:28', '2019-05-25 23:22:28'),
(80, 4, 'LOS BOSQUES DE URBIRRIOS', 'ACT', '2019-05-25 23:22:28', '2019-05-25 23:22:28'),
(81, 4, 'NUEVO MANTA', 'ACT', '2019-05-25 23:22:28', '2019-05-25 23:22:28'),
(82, 4, '30 DE AGOSTO', 'ACT', '2019-05-25 23:22:28', '2019-05-25 23:22:28'),
(83, 4, 'LAS PALMITAS', 'ACT', '2019-05-25 23:22:28', '2019-05-25 23:22:28'),
(84, 4, 'URBIRIOS #2', 'ACT', '2019-05-25 23:22:28', '2019-05-25 23:22:28'),
(85, 4, 'SI VIVIENDA', 'ACT', '2019-05-25 23:22:28', '2019-05-25 23:22:28'),
(86, 4, 'ANTIGUO TANQUE DE CEPE', 'ACT', '2019-05-25 23:22:28', '2019-05-25 23:22:28'),
(87, 4, 'NUEVO MANTA 2', 'ACT', '2019-05-25 23:22:28', '2019-05-25 23:22:28'),
(88, 4, 'LOS SENDEROS N°2', 'ACT', '2019-05-25 23:22:28', '2019-05-25 23:22:28'),
(89, 4, 'CEIBOS RENACER', 'ACT', '2019-05-25 23:22:28', '2019-05-25 23:22:28'),
(90, 4, 'LA REVANCHA ', 'ACT', '2019-05-25 23:22:28', '2019-05-25 23:22:28'),
(91, 4, 'LA REVANCHA N°2', 'ACT', '2019-05-25 23:22:28', '2019-05-25 23:22:28'),
(92, 4, 'URB. SARILAM', 'ACT', '2019-05-25 23:22:28', '2019-05-25 23:22:28'),
(93, 4, 'URB. DARMACIO', 'ACT', '2019-05-25 23:22:28', '2019-05-25 23:22:28'),
(94, 4, 'URB. CIUDA AZTECA', 'ACT', '2019-05-25 23:22:28', '2019-05-25 23:22:28'),
(95, 4, 'URB. SANTA CATALINA', 'ACT', '2019-05-25 23:22:28', '2019-05-25 23:22:28'),
(96, 4, 'URB. LOS SENDEROS', 'ACT', '2019-05-25 23:22:28', '2019-05-25 23:22:28'),
(97, 4, 'URB. VILLA NUEVA EL BOSQUE', 'ACT', '2019-05-25 23:22:28', '2019-05-25 23:22:28'),
(98, 4, 'URB. VILLA MARIA COLONIAL', 'ACT', '2019-05-25 23:22:28', '2019-05-25 23:22:28'),
(99, 4, 'URB. VILLA MARIA', 'ACT', '2019-05-25 23:22:28', '2019-05-25 23:22:28'),
(100, 3, 'LAZARETO', 'ACT', '2019-05-25 23:22:28', '2019-05-25 23:22:28'),
(101, 3, 'MIRADOR', 'ACT', '2019-05-25 23:22:28', '2019-05-25 23:22:28'),
(102, 3, 'CENTRAL', 'ACT', '2019-05-25 23:22:28', '2019-05-25 23:22:28'),
(103, 3, 'LOS HALCONES', 'ACT', '2019-05-25 23:22:28', '2019-05-25 23:22:28'),
(104, 3, 'JAIME CHAVEZ G.', 'ACT', '2019-05-25 23:22:28', '2019-05-25 23:22:28'),
(105, 3, 'PARAISO 1', 'ACT', '2019-05-25 23:22:28', '2019-05-25 23:22:28'),
(106, 3, 'PARAISO 2', 'ACT', '2019-05-25 23:22:28', '2019-05-25 23:22:28'),
(107, 3, 'MIRAMAR', 'ACT', '2019-05-25 23:22:28', '2019-05-25 23:22:28'),
(108, 3, 'LA FLORITA', 'ACT', '2019-05-25 23:22:28', '2019-05-25 23:22:28'),
(109, 3, 'LA NUEVA SIRENA', 'ACT', '2019-05-25 23:22:28', '2019-05-25 23:22:28'),
(110, 3, 'LA SIRENA', 'ACT', '2019-05-25 23:22:28', '2019-05-25 23:22:28'),
(111, 3, 'LA FAE', 'ACT', '2019-05-25 23:22:28', '2019-05-25 23:22:28'),
(112, 3, 'LOS ALMENDROS', 'ACT', '2019-05-25 23:22:28', '2019-05-25 23:22:28'),
(113, 3, 'VILLA MARINA', 'ACT', '2019-05-25 23:22:28', '2019-05-25 23:22:28'),
(114, 3, 'VALLE HERMOSO', 'ACT', '2019-05-25 23:22:28', '2019-05-25 23:22:28'),
(115, 3, 'HRDS. GONSENVACH', 'ACT', '2019-05-25 23:22:28', '2019-05-25 23:22:28'),
(116, 3, 'AQUILES PAZ', 'ACT', '2019-05-25 23:22:28', '2019-05-25 23:22:28'),
(117, 3, 'EL PACIFICO', 'ACT', '2019-05-25 23:22:28', '2019-05-25 23:22:28'),
(118, 3, 'LOS TAMARINDOS', 'ACT', '2019-05-25 23:22:28', '2019-05-25 23:22:28'),
(119, 3, 'LOS CEIBOS - SAN PABLO', 'ACT', '2019-05-25 23:22:28', '2019-05-25 23:22:28'),
(120, 3, 'SAN AGUSTIN', 'ACT', '2019-05-25 23:22:28', '2019-05-25 23:22:28'),
(121, 3, 'EL PALMAR', 'ACT', '2019-05-25 23:22:28', '2019-05-25 23:22:28'),
(122, 3, 'LOS CACTUS', 'ACT', '2019-05-25 23:22:28', '2019-05-25 23:22:28'),
(123, 3, 'LOS BOSQUES', 'ACT', '2019-05-25 23:22:28', '2019-05-25 23:22:28'),
(124, 3, 'NAZARIO CEDEÑO', 'ACT', '2019-05-25 23:22:28', '2019-05-25 23:22:28'),
(125, 3, 'MAR Y CIELO', 'ACT', '2019-05-25 23:22:28', '2019-05-25 23:22:28'),
(126, 3, 'NIÑO JESUS', 'ACT', '2019-05-25 23:22:28', '2019-05-25 23:22:28'),
(127, 3, 'DIVINO NIÑO', 'ACT', '2019-05-25 23:22:28', '2019-05-25 23:22:28'),
(128, 3, 'COSTA AZUL', 'ACT', '2019-05-25 23:22:28', '2019-05-25 23:22:28'),
(129, 3, 'FLOREANA', 'ACT', '2019-05-25 23:22:28', '2019-05-25 23:22:28'),
(130, 3, 'CDLA. EMELMANABI', 'ACT', '2019-05-25 23:22:28', '2019-05-25 23:22:28'),
(131, 3, '9 DE MAYO', 'ACT', '2019-05-25 23:22:28', '2019-05-25 23:22:28'),
(132, 3, 'ELEGOLE', 'ACT', '2019-05-25 23:22:28', '2019-05-25 23:22:28'),
(133, 3, 'LOS PINOS', 'ACT', '2019-05-25 23:22:28', '2019-05-25 23:22:28'),
(134, 3, 'LA PRADERA  2', 'ACT', '2019-05-25 23:22:28', '2020-09-29 23:39:26'),
(135, 3, 'HRDS. J.MENDOZA PONCE', 'ACT', '2019-05-25 23:22:28', '2019-05-25 23:22:28'),
(136, 3, 'LA FRAGATA', 'ACT', '2019-05-25 23:22:28', '2019-05-25 23:22:28'),
(137, 3, 'LA PRADERA', 'ACT', '2019-05-25 23:22:28', '2019-05-25 23:22:28'),
(138, 3, 'HUGO MAYO', 'ACT', '2019-05-25 23:22:28', '2019-05-25 23:22:28'),
(139, 3, 'ARROYO  AZUL', 'ACT', '2019-05-25 23:22:28', '2019-05-25 23:22:28'),
(140, 3, '1 DE DICIEMBRE', 'ACT', '2019-05-25 23:22:28', '2019-05-25 23:22:28'),
(141, 3, 'LAS ORQUIDEAS', 'ACT', '2019-05-25 23:22:28', '2019-05-25 23:22:28'),
(142, 3, 'MARBELLA', 'ACT', '2019-05-25 23:22:28', '2019-05-25 23:22:28'),
(143, 3, 'SAN MATEO (URBANIZACION)', 'ACT', '2019-05-25 23:22:28', '2019-05-25 23:22:28'),
(144, 3, 'LOT. LOURIDO', 'ACT', '2019-05-25 23:22:28', '2019-05-25 23:22:28'),
(145, 3, 'ALTAGRACIA', 'ACT', '2019-05-25 23:22:28', '2019-05-25 23:22:28'),
(146, 3, 'EL RECREO', 'ACT', '2019-05-25 23:22:28', '2019-05-25 23:22:28'),
(147, 3, 'ALTAMIRA', 'ACT', '2019-05-25 23:22:28', '2019-05-25 23:22:28'),
(148, 3, 'CENTENARIO', 'ACT', '2019-05-25 23:22:28', '2019-05-25 23:22:28'),
(149, 3, 'LAS BRISAS', 'ACT', '2019-05-25 23:22:28', '2019-05-25 23:22:28'),
(150, 3, 'CDLA. ROCAFUERTE', 'ACT', '2019-05-25 23:22:28', '2019-05-25 23:22:28'),
(151, 3, 'URB. MILENIUM', 'ACT', '2019-05-25 23:22:28', '2019-05-25 23:22:28'),
(152, 3, 'URB. ASO. EMP.SEAMAN', 'ACT', '2019-05-25 23:22:28', '2019-05-25 23:22:28'),
(153, 3, 'URB. PUERTO SOL', 'ACT', '2019-05-25 23:22:28', '2019-05-25 23:22:28'),
(154, 3, 'URB. U.L.E.A.M.  AEROPUERTO', 'ACT', '2019-05-25 23:22:28', '2019-05-25 23:22:28'),
(155, 3, 'URB. SAN JOSE', 'ACT', '2019-05-25 23:22:28', '2019-05-25 23:22:28'),
(156, 3, 'URB. SABANA I', 'ACT', '2019-05-25 23:22:28', '2019-05-25 23:22:28'),
(157, 3, 'URB. SABANA II', 'ACT', '2019-05-25 23:22:28', '2019-05-25 23:22:28'),
(158, 3, 'URB. PUERTO LUZ', 'ACT', '2019-05-25 23:22:28', '2019-05-25 23:22:28'),
(159, 3, 'URB. MUTUALISTA MANABI', 'ACT', '2019-05-25 23:22:28', '2019-05-25 23:22:28'),
(160, 3, 'URB. COYOACAN', 'ACT', '2019-05-25 23:22:28', '2019-05-25 23:22:28'),
(161, 3, 'CIUDADELA MUNICIPAL HORIZONTE', 'ACT', '2019-05-25 23:22:28', '2019-05-25 23:22:28'),
(162, 2, 'SAN PEDRO  2', 'ACT', '2019-05-25 23:22:28', '2019-05-25 23:22:28'),
(163, 2, 'SANTA ELENA', 'ACT', '2019-05-25 23:22:28', '2019-05-25 23:22:28'),
(164, 2, 'SANTA CLARA  1', 'ACT', '2019-05-25 23:22:28', '2019-05-25 23:22:28'),
(165, 2, 'SIMON BOLIVAR', 'ACT', '2019-05-25 23:22:28', '2019-05-25 23:22:28'),
(166, 2, 'LA GULF', 'ACT', '2019-05-25 23:22:28', '2019-05-25 23:22:28'),
(167, 2, 'FLOREANA', 'ACT', '2019-05-25 23:22:28', '2019-05-25 23:22:28'),
(168, 2, 'LA AURORA', 'ACT', '2019-05-25 23:22:28', '2019-05-25 23:22:28'),
(169, 2, 'COSACE - CARMELITA', 'ACT', '2019-05-25 23:22:28', '2019-05-25 23:22:28'),
(170, 2, 'LA LORENA', 'ACT', '2019-05-25 23:22:28', '2019-05-25 23:22:28'),
(171, 2, '15 DE ABRIL', 'ACT', '2019-05-25 23:22:28', '2019-05-25 23:22:28'),
(172, 2, 'LAS COLINAS', 'ACT', '2019-05-25 23:22:28', '2019-05-25 23:22:28'),
(173, 2, 'PROGRESO', 'ACT', '2019-05-25 23:22:28', '2019-05-25 23:22:28'),
(174, 2, '1º DE  MAYO', 'ACT', '2019-05-25 23:22:28', '2019-05-25 23:22:28'),
(175, 2, 'LA FLORESTA', 'ACT', '2019-05-25 23:22:28', '2019-05-25 23:22:28'),
(176, 2, 'SANTA CLARA 2', 'ACT', '2019-05-25 23:22:28', '2019-05-25 23:22:28'),
(177, 2, 'FLORESTAL 1', 'ACT', '2019-05-25 23:22:28', '2019-05-25 23:22:28'),
(178, 2, 'LAS VEGAS', 'ACT', '2019-05-25 23:22:28', '2019-05-25 23:22:28'),
(179, 2, 'FLORESTAL 2', 'ACT', '2019-05-25 23:22:28', '2019-05-25 23:22:28'),
(180, 2, '26 DE SEPTIEMBRE', 'ACT', '2019-05-25 23:22:28', '2019-05-25 23:22:28'),
(181, 2, 'RICARDO PAREDES', 'ACT', '2019-05-25 23:22:28', '2019-05-25 23:22:28'),
(182, 2, 'AMAZONAS', 'ACT', '2019-05-25 23:22:28', '2019-05-25 23:22:28'),
(183, 2, 'SANTA LUCIA', 'ACT', '2019-05-25 23:22:28', '2019-05-25 23:22:28'),
(184, 2, '2 DE AGOSTO', 'ACT', '2019-05-25 23:22:28', '2019-05-25 23:22:28'),
(185, 2, 'EL CHAPARRAL', 'ACT', '2019-05-25 23:22:28', '2019-05-25 23:22:28'),
(186, 2, 'JUAN MONTALVO - SAN JOSE 1', 'ACT', '2019-05-25 23:22:28', '2019-12-02 10:57:43'),
(187, 2, '10 DE SEPTIEMBRE', 'ACT', '2019-05-25 23:22:28', '2019-05-25 23:22:28'),
(188, 2, '10 DE AGOSTO', 'ACT', '2019-05-25 23:22:28', '2019-05-25 23:22:28'),
(189, 2, 'NUEVE DE OCTUBRE', 'ACT', '2019-05-25 23:22:28', '2019-05-25 23:22:28'),
(190, 2, 'HORACIO HIDROVO', 'ACT', '2019-05-25 23:22:28', '2019-05-25 23:22:28'),
(191, 2, 'SANTA ANA', 'ACT', '2019-05-25 23:22:28', '2019-05-25 23:22:28'),
(192, 2, 'JIPIJAPA', 'ACT', '2019-05-25 23:22:28', '2019-05-25 23:22:28'),
(193, 2, 'LOMILLAS DE COLORADO', 'ACT', '2019-05-25 23:22:28', '2019-05-25 23:22:28'),
(194, 2, 'NUEVA ESPERANZA', 'ACT', '2019-05-25 23:22:28', '2019-05-25 23:22:28'),
(195, 2, 'MAZATO', 'ACT', '2019-05-25 23:22:28', '2019-05-25 23:22:28'),
(196, 2, 'MARIA AUXILIADORA # 2', 'ACT', '2019-05-25 23:22:28', '2019-05-25 23:22:28'),
(197, 2, 'SAN  ANTONIO', 'ACT', '2019-05-25 23:22:28', '2019-05-25 23:22:28'),
(198, 2, 'IGNACIO LOYOLA', 'ACT', '2019-05-25 23:22:28', '2019-05-25 23:22:28'),
(199, 2, 'LOS ANGELES', 'ACT', '2019-05-25 23:22:28', '2019-05-25 23:22:28'),
(200, 7, 'VISTA AL MAR', 'ACT', '2019-05-25 23:22:28', '2019-05-25 23:22:28'),
(201, 7, 'VIRGEN DEL MAR', 'ACT', '2019-05-25 23:22:28', '2019-05-25 23:22:28'),
(202, 7, 'CRISTO REY', 'ACT', '2019-05-25 23:22:28', '2019-05-25 23:22:28'),
(203, 7, 'LOS LAURELES', 'ACT', '2019-05-25 23:22:28', '2019-05-25 23:22:28'),
(204, 7, 'LA PAZ', 'ACT', '2019-05-25 23:22:28', '2019-05-25 23:22:28'),
(205, 7, 'BELLA VISTA', 'ACT', '2019-05-25 23:22:28', '2019-05-25 23:22:28'),
(206, 7, 'LAS FLORES', 'ACT', '2019-05-25 23:22:28', '2019-05-25 23:22:28'),
(207, 7, '10 DE JULIO', 'ACT', '2019-05-25 23:22:28', '2019-05-25 23:22:28'),
(208, 5, 'EL PESCADOR', 'ACT', '2019-05-25 23:22:28', '2019-05-25 23:22:28'),
(209, 5, 'BELLAVISTA', 'ACT', '2019-05-25 23:22:28', '2019-05-25 23:22:28'),
(210, 5, 'AGUAS BELLAS', 'ACT', '2019-05-25 23:22:28', '2019-05-25 23:22:28'),
(211, 5, '10 DE AGOSTO', 'ACT', '2019-05-25 23:22:28', '2019-05-25 23:22:28'),
(212, 5, 'EL PARAISO', 'ACT', '2019-05-25 23:22:28', '2019-05-25 23:22:28'),
(213, 5, 'PUNTA LA BARCA', 'ACT', '2019-05-25 23:22:28', '2019-05-25 23:22:28'),
(214, 5, 'SAN ANTONIO', 'ACT', '2019-05-25 23:22:28', '2019-05-25 23:22:28'),
(215, 5, 'NUEVA ESPERANZA', 'ACT', '2019-05-25 23:22:28', '2019-05-25 23:22:28'),
(216, 5, '12 DE OCTUBRE', 'ACT', '2019-05-25 23:22:28', '2019-05-25 23:22:28'),
(217, 5, 'SAN PEDRO', 'ACT', '2019-05-25 23:22:28', '2019-05-25 23:22:28'),
(218, 5, 'SANTA MARIANITA', 'ACT', '2019-05-25 23:22:28', '2019-05-25 23:22:28'),
(219, 6, 'BELLAVISTA', 'ACT', '2019-05-25 23:22:28', '2019-05-25 23:22:28'),
(220, 6, 'MIRAFLORES', 'ACT', '2019-05-25 23:22:28', '2019-05-25 23:22:28'),
(221, 6, 'CENTRAL', 'ACT', '2019-05-25 23:22:28', '2019-05-25 23:22:28'),
(222, 6, 'BIENVENIDO', 'ACT', '2019-05-25 23:22:28', '2019-05-25 23:22:28'),
(223, 6, '10 DE AGOSTO', 'ACT', '2019-05-25 23:22:28', '2019-05-25 23:22:28'),
(224, 1, 'MURCIELAGO', 'ACT', '2019-12-02 10:29:19', '2019-12-02 10:29:19'),
(225, 2, 'CORDOVA', 'ACT', '2019-12-02 10:29:34', '2019-12-02 10:29:34'),
(226, 1, 'RIO GUAYAS', 'ACT', '2019-12-02 10:32:52', '2019-12-02 10:32:52'),
(227, 1, 'CENTRO DE MANTA', 'ACT', '2019-12-02 10:33:05', '2019-12-02 10:33:05'),
(228, 1, 'QUITO', 'ACT', '2019-12-02 10:33:50', '2019-12-02 10:33:50'),
(229, 1, 'ROYAL', 'ACT', '2019-12-02 10:34:01', '2019-12-02 10:34:01'),
(230, 1, 'CHILE', 'ACT', '2019-12-02 10:34:18', '2019-12-02 10:34:18'),
(231, 1, 'EL MIRADOR', 'ACT', '2019-12-02 10:34:51', '2019-12-02 10:34:51'),
(232, 1, 'ENSENADITA', 'ACT', '2019-12-02 10:35:20', '2019-12-02 10:35:20'),
(233, 1, '8 DE ENERO', 'ACT', '2019-12-02 10:35:43', '2019-12-02 10:35:43'),
(234, 1, 'LA DOLOROSA', 'ACT', '2019-12-02 10:35:57', '2019-12-02 10:35:57'),
(235, 1, 'SAN RAFAEL', 'ACT', '2019-12-02 10:36:08', '2019-12-02 10:36:08'),
(236, 1, 'SANTA MONICA', 'ACT', '2019-12-02 10:36:20', '2019-12-02 10:36:20'),
(237, 1, 'ALGARROBOS', 'ACT', '2019-12-02 10:36:41', '2019-12-02 10:36:41'),
(238, 1, '8 DE ABRIL', 'ACT', '2019-12-02 10:36:52', '2019-12-02 10:36:52'),
(239, 1, 'PERPETUO SOCORRO', 'ACT', '2019-12-02 10:37:02', '2019-12-02 10:37:02'),
(240, 1, 'PEDRO BALDA C.', 'ACT', '2019-12-02 10:37:11', '2019-12-02 10:37:11'),
(241, 1, 'UMIÑA', 'ACT', '2019-12-02 10:37:28', '2019-12-02 10:37:28'),
(242, 1, 'URB.UMIÑA II', 'ACT', '2019-12-02 10:37:43', '2019-12-02 10:37:43'),
(243, 1, 'CIUDADELA UNIVERSITARIA', 'ACT', '2019-12-02 10:38:02', '2019-12-02 10:38:02'),
(244, 1, 'LOMA DE BARABASQUILLO', 'ACT', '2019-12-02 10:38:14', '2019-12-02 10:38:14'),
(245, 1, 'BARBASQUILLO', 'ACT', '2019-12-02 10:38:24', '2019-12-02 10:38:24'),
(246, 1, 'EL MEDITERRANEO', 'ACT', '2019-12-02 10:38:35', '2019-12-02 10:38:35'),
(247, 1, 'ABDON CALDERON-MEDARDO MORA', 'ACT', '2019-12-02 10:40:30', '2019-12-02 10:40:30'),
(248, 1, 'BARU', 'ACT', '2019-12-02 10:42:54', '2019-12-02 10:42:54'),
(249, 4, 'LAS CUMBRES # 2', 'ACT', '2019-12-02 10:49:31', '2019-12-02 10:49:31'),
(250, 4, 'CRISTO DEL CONSULEO', 'ACT', '2019-12-02 10:50:19', '2019-12-02 10:50:19'),
(251, 4, 'URBIRRIOS', 'ACT', '2019-12-02 10:51:27', '2019-12-02 10:51:27'),
(252, 4, 'URBIRRIOS # 2', 'ACT', '2019-12-02 10:51:39', '2019-12-02 10:51:39'),
(253, 4, 'URB. SARILAND', 'ACT', '2019-12-02 10:52:10', '2019-12-02 10:52:10'),
(254, 4, 'CIUDAD AZTECA', 'ACT', '2019-12-02 10:52:30', '2019-12-02 10:52:30'),
(255, 4, 'VILLANUEVA DEL BOSQUE', 'ACT', '2019-12-02 10:52:54', '2019-12-02 10:52:54'),
(256, 6, 'SITIO LIGUIQUI', 'ACT', '2019-12-02 11:01:42', '2019-12-02 11:01:42'),
(257, 6, 'SITIO EL AROMO', 'ACT', '2019-12-02 11:01:51', '2019-12-02 11:01:51'),
(258, 6, 'RIO CAÑA', 'ACT', '2019-12-02 11:02:16', '2019-12-02 11:02:16'),
(259, 6, 'LAS PIÑAS', 'ACT', '2019-12-02 11:02:37', '2019-12-02 11:02:37'),
(260, 6, 'EL ABRA', 'ACT', '2019-12-02 11:02:47', '2019-12-02 11:02:47'),
(261, 6, 'SANTA ROSA', 'ACT', '2019-12-02 11:03:05', '2019-12-02 11:03:05'),
(262, 6, 'EL AURA', 'ACT', '2019-12-02 11:03:18', '2019-12-02 11:03:18'),
(263, 5, 'SITIO', 'ACT', '2019-12-02 11:04:32', '2019-12-02 11:04:32'),
(264, 5, 'LA TRAVESIA', 'ACT', '2019-12-02 11:04:48', '2019-12-02 11:04:48'),
(265, 5, 'PACOCHE', 'ACT', '2019-12-02 11:05:05', '2019-12-02 11:05:05'),
(266, 3, 'CDLA MUNICIPAL-HORIZONTE', 'ACT', '2019-12-02 11:06:12', '2019-12-02 11:06:12'),
(267, 3, 'URB. COYOCAN', 'ACT', '2019-12-02 11:06:29', '2019-12-02 11:06:29'),
(268, 3, 'MUTUALISTA MANABI', 'ACT', '2019-12-02 11:06:40', '2019-12-02 11:06:40'),
(269, 3, 'PUERTO LUZ', 'ACT', '2019-12-02 11:07:02', '2019-12-02 11:07:02'),
(270, 3, 'SABANA II', 'ACT', '2019-12-02 11:07:21', '2019-12-02 11:07:21'),
(271, 3, 'SABANA I', 'ACT', '2019-12-02 11:07:35', '2019-12-02 11:07:35'),
(272, 3, 'HRDS J. JOAQUIN PONCE', 'ACT', '2019-12-02 11:10:30', '2019-12-02 11:10:30'),
(273, 3, 'JAIME CHAVEZ GUTIERREZ', 'ACT', '2019-12-02 11:14:21', '2019-12-02 11:14:21'),
(274, 3, 'LO HALCONES', 'ACT', '2019-12-02 11:14:34', '2019-12-02 11:14:34'),
(275, 3, 'CENTRA', 'ACT', '2019-12-02 11:14:45', '2019-12-02 11:14:45'),
(276, 8, 'MONTECRISTI', 'ACT', NULL, NULL),
(277, 3, '12 DE OCTUBRE', 'ACT', '2019-05-25 23:22:28', '2019-05-25 23:22:28'),
(278, 3, 'JOSÉ MARÍA CEVALLOS', 'ACT', '2019-05-25 23:22:28', '2019-05-25 23:22:28'),
(279, 7, 'SITIO JOME', 'ACT', '2019-05-25 23:22:28', '2019-05-25 23:22:28'),
(280, 2, 'CUBA', 'ACT', '2019-05-25 23:22:28', '2019-05-25 23:22:28'),
(281, 1, 'CORDOVA', 'ACT', '2019-11-21 20:46:41', '2019-07-24 05:00:00'),
(282, 8, 'JARAMIJO', 'ACT', NULL, NULL),
(283, 3, 'JOSE MARIA CEVALLOS', 'INA', '2020-05-16 02:51:52', '2020-05-16 02:52:30'),
(284, 3, 'SECTOR MARÍA AUXILIADORA', 'ACT', '2020-05-16 02:54:59', '2020-05-16 02:54:59'),
(285, 1, 'LA ÉPOCA', 'ACT', '2020-05-16 02:58:21', '2020-05-16 02:58:21'),
(286, 1, 'LOS GAVILANES', 'ACT', '2020-05-16 02:59:31', '2020-05-16 02:59:31'),
(287, 3, 'SECTOR INDUSTRIAL', 'ACT', '2020-05-18 18:10:01', '2020-05-18 18:10:54'),
(288, 3, 'SECTOR SAN PABLO', 'ACT', '2020-05-19 16:16:11', '2020-05-19 16:16:11'),
(289, 1, 'CALLEJÓN 06 DE ENERO', 'ACT', '2020-05-20 13:57:02', '2020-05-20 13:57:02'),
(290, 7, 'LOS SAUCES', 'ACT', '2020-05-21 15:10:36', '2020-05-21 15:10:36'),
(291, 1, 'LA LIBERTAD', 'ACT', '2020-05-29 13:43:10', '2020-05-29 13:43:10'),
(292, 7, 'URB. MARINA BLUE', 'ACT', '2020-06-01 19:24:32', '2020-06-01 19:24:32'),
(293, 3, 'SAN GABRIEL', 'ACT', '2020-06-07 19:24:37', '2020-06-07 19:24:37'),
(294, 4, 'NUEVA COMUNIDAD RIO MANTA 2', 'ACT', '2020-06-11 01:44:17', '2020-06-11 01:44:17'),
(295, 8, 'PORTOVIEJO', 'ACT', '2020-06-17 21:32:57', '2020-06-17 21:32:57'),
(296, 1, 'VALLE DEL GAVILAN-JESUS DE NAZARET', 'ACT', '2020-05-29 13:43:10', '2020-05-29 13:43:10'),
(297, 8, 'CHONE', 'ACT', '2020-07-09 20:05:23', '2020-07-09 20:05:23'),
(298, 6, 'EL AROMO', 'ACT', '2019-05-25 23:22:28', '2019-05-25 23:22:28'),
(299, 8, 'GUAYAQUIL', 'ACT', NULL, NULL),
(300, 1, 'OTRAS AREAS', 'ACT', '2019-05-25 23:22:28', '2019-05-25 23:22:28'),
(301, 8, 'ROCAFUERTE', 'ACT', '2020-08-28 05:00:00', '2020-08-28 05:00:00'),
(302, 1, 'LA CERCADA', 'ACT', '2020-08-28 05:00:00', '2020-08-28 05:00:00'),
(303, 3, '20 DE SEPTIEMBRE', 'ACT', '2020-09-29 23:37:26', '2020-09-29 23:37:26'),
(304, 4, 'TARQUI CENTRAL', 'ACT', '2020-09-29 23:38:18', '2020-09-29 23:38:18'),
(305, 8, 'QUITO', 'ACT', '2020-10-06 05:00:00', '2020-10-06 05:00:00'),
(306, 6, 'SAN LORENZO', 'ACT', '2019-05-25 23:22:28', '2019-05-25 23:22:28'),
(307, 2, 'LEONIDAS PROAÑO', 'ACT', '2020-10-15 15:26:24', '2020-10-15 15:26:24'),
(308, 2, 'LOS ALPES', 'ACT', '2020-10-15 15:26:44', '2020-10-15 15:26:44'),
(309, 7, 'JESUS DE NAZARETH', 'ACT', '2020-10-15 15:27:18', '2020-10-15 15:27:18'),
(310, 7, 'URBANIZACIÓN DEL MAR', 'ACT', '2020-10-15 15:27:44', '2020-10-15 15:27:44'),
(311, 8, 'JIPIJAPA', 'ACT', '2020-10-15 05:00:00', '2020-10-15 05:00:00');
